traditional,radsup,radsupNEW,morphology
丁,NA,NA,A
乒,NA,NA,A
乓,NA,NA,A
亮,NA,NA,A
克,NA,NA,A
冬,NA,NA,A
凜,NA,NA,A
凱,NA,NA,A
切,NA,NA,A
刮,NA,NA,A
刷,NA,NA,A
刺,NA,NA,A
剝,NA,NA,A
劈,NA,NA,A
匉,NA,NA,A
卜,NA,NA,A
叩,NA,口,A
叭,NA,口,A
叭兒,NA,口,A
叮,NA,口,A
台,NA,口,A
吁,口,口,A
吁,NA,口,A
吓,NA,口,A
吞,NA,口,A
吟,NA,口,A
吠,口,口,A
吡,NA,口,A
吧,NA,口,A
吭,NA,口,A
吱,NA,口,A
吼,NA,口,A
呀,NA,口,A
呃,NA,口,A
呢,NA,口,A
呱,NA,口,A
呵,NA,口,A
呸,NA,口,A
呼,NA,口,A
咄,NA,口,A
咔,NA,口,A
咕,NA,口,A
咚,NA,口,A
咣,NA,口,A
咤,口,口,A
咦,NA,口,A
咨,口,口,A
咩,NA,口,A
咪,NA,口,A
咯,NA,口,A
咳,NA,口,A
咴,NA,口,A
咻,口,口,A
咻,NA,口,A
哄,NA,口,A
哆,NA,口,A
哇,口,口,A
哇,NA,口,A
哈,NA,口,A
哎,NA,口,A
哐,NA,口,A
哞,NA,口,A
哦,NA,口,A
哧,NA,口,A
哼,NA,口,A
唉,NA,口,A
唏,口,口,A
唏,NA,口,A
唦,NA,口,A
唧,NA,口,A
𠳐,NA,口,A
唯,NA,口,A
唰,NA,口,A
唷,NA,口,A
唿,NA,口,A
啄,NA,口,A
啊,NA,口,A
啞,NA,口,A
啪,NA,口,A
啷,NA,口,A
啾,NA,口,A
喀,NA,口,A
喃,NA,口,A
喇,NA,口,A
喈,NA,口,A
喔,NA,口,A
喟,NA,口,A
喲,NA,口,A
喳,NA,口,A
喵,NA,口,A
嗃,口,口,A
嗑,NA,口,A
嗒,NA,口,A
嗖,NA,口,A
嗚,NA,口,A
嗝,NA,口,A
嗞,NA,口,A
嗟,口,口,A
嗡,NA,口,A
嗤,NA,口,A
嗨,NA,口,A
嗫,NA,口,A
嗯,NA,口,A
嗵,NA,口,A
嗶,NA,口,A
嗷,NA,口,A
嗽,口,口,A
嗾,口,口,A
嘁,NA,口,A
嘆,口,口,A
嘈,NA,口,A
嘍,NA,口,A
嘎,NA,口,A
嘔,NA,口,A
嘖,NA,口,A
嘚,NA,口,A
嘞,NA,口,A
嘡,NA,口,A
嘣,NA,口,A
噓,口,口,A
噓,NA,口,A
㗫,NA,口,A
嘟,NA,口,A
嘩,NA,口,A
嘭,NA,口,A
嘯,口,口,A
嘯,NA,口,A
嘰,NA,口,A
嘶,口,口,A
嘶,NA,口,A
嘻,口,口,A
嘻,NA,口,A
嘿,NA,口,A
噌,NA,口,A
噔,NA,口,A
噗,NA,口,A
噝,NA,口,A
噠,NA,口,A
噢,NA,口,A
噥,NA,口,A
噦,NA,口,A
噹,NA,口,A
噼,NA,口,A
嚎,NA,口,A
嚏,口,口,A
嚏,NA,口,A
嚓,NA,口,A
嚕,NA,口,A
嚯,NA,口,A
嚱,口,口,A
嚶,口,口,A
嚶,NA,口,A
㘗,NA,口,A
囔,NA,口,A
宏,NA,NA,A
宗,NA,NA,A
巴,NA,NA,A
得,NA,NA,A
忒兒,NA,NA,A
念,NA,NA,A
怦,NA,忄,A
愾,心,忄,A
慶,NA,NA,A
扑,NA,NA,A
托,NA,NA,A
扭,NA,NA,A
抑,手,手,A
拍,NA,NA,A
搉,手,手,A
擦,NA,NA,A
東,NA,NA,A
梆,NA,NA,A
楞,NA,NA,A
橐,NA,NA,A
欷,NA,NA,A
欸,NA,NA,A
歎,欠,欠,A
殷,NA,NA,A
汪,NA,NA,A
沙,NA,NA,A
沸,NA,NA,A
淅,水,水,A
湩,水,水,A
湫,NA,NA,A
溜,NA,NA,A
滴,NA,NA,A
漱,水,水,A
潺,NA,NA,A
澌,水,水,A
濺,NA,NA,A
猗,NA,NA,A
獵,NA,NA,A
玲,NA,NA,A
琤,NA,NA,A
琮,NA,NA,A
瑟,NA,NA,A
瑢,NA,NA,A
璫,NA,NA,A
當,NA,NA,A
登,NA,NA,A
砉,NA,NA,A
砉,石,石,A
砯,石,石,A
砰,NA,NA,A
硜,NA,NA,A
硠,石,石,A
磅,NA,NA,A
磌,石,石,A
磕,NA,NA,A
磞,NA,NA,A
礐,NA,NA,A
礥,NA,NA,A
空,NA,NA,A
突,NA,NA,A
答,NA,NA,A
篤,NA,NA,A
簌,NA,NA,A
繣,糸,糸,A
羋,NA,NA,A
翕,羽,羽,A
耷,NA,NA,A
落,NA,NA,A
蓬,NA,NA,A
號,NA,口,A
蛐,NA,NA,A
訇,NA,NA,A
訇,言,言,A
諾,NA,NA,A
貓,NA,NA,A
跫,足,足,A
輷,NA,NA,A
轟,NA,NA,A
通,NA,NA,A
邦,NA,NA,A
鈴,NA,NA,A
鋗,金,金,A
錚,NA,NA,A
鍠,NA,NA,A
鍧,NA,NA,A
鏘,NA,NA,A
鏜,NA,NA,A
鏜,金,金,A
鐺,NA,NA,A
閛,NA,NA,A
閶,NA,NA,A
闛,NA,NA,A
闛,門,門,A
隆,NA,NA,A
雊,NA,NA,A
霍,NA,NA,A
霍,雨,雨,A
鞺,NA,NA,A
颯,NA,NA,A
颼,NA,NA,A
馥,香,香,A
騞,馬,馬,A
騰,NA,NA,A
魄,NA,NA,A
鷕,鳥,鳥,A
䶀,NA,NA,A
齁,NA,NA,A
丁零零,NA,NA,ARR
不剌剌,NA,NA,ARR
不喇喇,NA,NA,ARR
不朗朗,NA,NA,ARR
不琅琅,NA,NA,ARR
克匝匝,NA,NA,ARR
刮喇喇,NA,NA,ARR
刷啦啦,NA,NA,ARR
勃喇喇,NA,NA,ARR
卒律律,NA,NA,ARR
古剌剌,NA,NA,ARR
古都都,NA,NA,ARR
古魯魯,NA,NA,ARR
古鹿鹿,NA,NA,ARR
叭啦啦,NA,口,ARR
叭噠噠,NA,口,ARR
叮呤呤,NA,口,ARR
叮當當,NA,NA,ARR
叮鈴鈴,NA,NA,ARR
可丕丕,NA,NA,ARR
可扑扑,NA,NA,ARR
吃丕丕,NA,NA,ARR
吃忒忒,NA,NA,ARR
各剌剌,NA,NA,ARR
各支支,NA,NA,ARR
各琅琅,NA,NA,ARR
合剌剌,NA,NA,ARR
吉蹬蹬,NA,NA,ARR
吱嘍嘍,NA,口,ARR
吱婁婁,NA,NA,ARR
吱扭扭,NA,NA,ARR
吸力力,NA,NA,ARR
吸哩哩,NA,口,ARR
吸淋淋,NA,NA,ARR
呱啦啦,NA,口,ARR
呼啦啦,NA,口,ARR
呼喇喇,NA,口,ARR
呼噠噠,NA,口,ARR
呼嚕嚕,NA,口,ARR
咔叭叭,NA,口,ARR
咔啦啦,NA,口,ARR
咔嚓嚓,NA,口,ARR
咕冬冬,NA,NA,ARR
咕咚咚,NA,口,ARR
咕啷啷,NA,口,ARR
咕㖨㖨,NA,口,ARR
咕嘟嘟,NA,口,ARR
咕嚕嚕,NA,口,ARR
咕碌碌,NA,NA,ARR
咕隆隆,NA,NA,ARR
咯吱吱,NA,口,ARR
咯喳喳,NA,口,ARR
咯嘣嘣,NA,口,ARR
咯塔塔,NA,NA,ARR
咯辣辣,NA,NA,ARR
咴嘔嘔,NA,口,ARR
哇呀呀,NA,口,ARR
哐啷啷,NA,口,ARR
哐當當,NA,NA,ARR
唰哩哩,NA,口,ARR
唰啦啦,NA,口,ARR
唿喇喇,NA,口,ARR
唿嚕嚕,NA,口,ARR
唿隆隆,NA,NA,ARR
喝嘍嘍,NA,口,ARR
喳啦啦,NA,口,ARR
嗗㖨㖨,NA,口,ARR
嗗碌碌,NA,NA,ARR
嗚呀呀,NA,口,ARR
嗚哈哈,NA,口,ARR
嗤溜溜,NA,NA,ARR
嗶剝剝,NA,NA,ARR
嘀嚦嚦,NA,口,ARR
嘎啦啦,NA,口,ARR
嘎喳喳,NA,口,ARR
嘎嘣嘣,NA,口,ARR
嘎噔噔,NA,口,ARR
嘓嘟嘟,NA,口,ARR
嘟噌噌,NA,口,ARR
嘩啦啦,NA,口,ARR
嘩啷啷,NA,口,ARR
嘩喇喇,NA,口,ARR
嘰喳喳,NA,口,ARR
嘶啦啦,NA,口,ARR
嘶拉拉,NA,NA,ARR
嘶沙沙,NA,NA,ARR
噔棱棱,NA,NA,ARR
噗咚咚,NA,口,ARR
噗嗒嗒,NA,口,ARR
噗嚕嚕,NA,口,ARR
噗拉拉,NA,NA,ARR
噗碌碌,NA,NA,ARR
噶吱吱,NA,口,ARR
噼啪啪,NA,口,ARR
土魯魯,NA,NA,ARR
圪嗒嗒,NA,NA,ARR
圪嘣嘣,NA,NA,ARR
圪察察,NA,NA,ARR
屹剌剌,NA,NA,ARR
崒律律,NA,NA,ARR
廝琅琅,NA,NA,ARR
得啷啷,NA,NA,ARR
𢔙律律,NA,NA,ARR
忒楞楞,NA,NA,ARR
忽剌剌,NA,NA,ARR
忽喇喇,NA,NA,ARR
忽拉拉,NA,NA,ARR
忽隆隆,NA,NA,ARR
忽魯魯,NA,NA,ARR
扑剌剌,NA,NA,ARR
扑咚咚,NA,NA,ARR
扑啦啦,NA,NA,ARR
扑喇喇,NA,NA,ARR
扑嚕嚕,NA,NA,ARR
扑棱棱,NA,NA,ARR
扑楞楞,NA,NA,ARR
扑簌簌,NA,NA,ARR
扑索索,NA,NA,ARR
扑落落,NA,NA,ARR
扑通通,NA,NA,ARR
扢剌剌,NA,NA,ARR
拔啦啦,NA,NA,ARR
撒拉拉,NA,扌,ARR
支楞楞,NA,NA,ARR
昔零零,NA,NA,ARR
普冬冬,NA,NA,ARR
格凜凜,NA,NA,ARR
格吱吱,NA,NA,ARR
格啦啦,NA,NA,ARR
格支支,NA,NA,ARR
格登登,NA,NA,ARR
桑瑯瑯,NA,NA,ARR
沙啦啦,NA,NA,ARR
沙拉拉,NA,NA,ARR
沷啦啦,NA,NA,ARR
波拉拉,NA,NA,ARR
淅冽冽,NA,NA,ARR
淅瀝瀝,NA,NA,ARR
淅零零,NA,NA,ARR
滴溜溜,NA,氵,ARR
率剌剌,NA,NA,ARR
當啷啷,NA,NA,ARR
疏剌剌,NA,NA,ARR
疏喇喇,NA,NA,ARR
疙蹅蹅,NA,NA,ARR
磕叉叉,NA,NA,ARR
磕擦擦,NA,NA,ARR
胳查查,NA,NA,ARR
蓬嚓嚓,NA,NA,ARR
西嚦嚦,NA,NA,ARR
豁啷啷,NA,NA,ARR
豁喇喇,NA,NA,ARR
豁辣辣,NA,NA,ARR
赤力力,NA,NA,ARR
赤律律,NA,NA,ARR
趿拉拉,NA,NA,ARR
踢嗒嗒,NA,NA,ARR
踢打打,NA,NA,ARR
轟隆隆,NA,NA,ARR
鏜啷啷,NA,NA,ARR
革支支,NA,NA,ARR
鞠律律,NA,NA,ARR
颯剌剌,NA,NA,ARR
飋玲玲,NA,NA,ARR
骨剌剌,NA,NA,ARR
骨溜溜,NA,NA,ARR
骨碌碌,NA,NA,ARR
骨轆轆,NA,NA,ARR
骨都都,NA,NA,ARR
黑嘍嘍,NA,NA,ARR
黑婁婁,NA,NA,ARR
齁嘍嘍,NA,NA,ARR
丁丁,NA,NA,BB
丕丕,NA,NA,BB
丸丸,NA,NA,BB
乓乓,NA,NA,BB
了了,NA,NA,BB
交交,NA,亠,BB
亦亦,NA,亠,BB
京京,NA,亠,BB
亭亭,NA,亠,BB
亹亹,NA,NA,BB
仇仇,NA,亻,BB
仡仡,NA,亻,BB
仡仡,人,亻,BB
令令,NA,亻,BB
伎伎,NA,亻,BB
休休,NA,亻,BB
伾伾,NA,亻,BB
伾伾,人,亻,BB
佌佌,NA,亻,BB
佖佖,人,亻,BB
佗佗,NA,亻,BB
佯佯,人,亻,BB
佻佻,人,亻,BB
佻佻,NA,亻,BB
侁侁,人,亻,BB
侃侃,人,亻,BB
依依,人,亻,BB
依依,NA,亻,BB
便便,人,亻,BB
俁俁,NA,亻,BB
俅俅,NA,亻,BB
俅俅,人,亻,BB
俇俇,人,亻,BB
俞俞,人,亻,BB
俟俟,NA,亻,BB
倀倀,人,亻,BB
倉倉,NA,亻,BB
偕偕,NA,亻,BB
傍傍,NA,亻,BB
傞傞,NA,亻,BB
傞傞,人,亻,BB
傫傫,人,亻,BB
僅僅,人,亻,BB
僊僊,NA,亻,BB
僕僕,人,亻,BB
僛僛,NA,亻,BB
僛僛,人,亻,BB
僬僬,人,亻,BB
僮僮,NA,亻,BB
儃儃,人,亻,BB
儦儦,NA,亻,BB
優優,NA,亻,BB
兀兀,NA,儿,BB
兢兢,NA,儿,BB
兢兢,克,克,BB
冉冉,NA,冂,BB
冏冏,冂,冂,BB
冥冥,NA,冖,BB
冬冬,NA,冫,BB
冷冷,冫,冫,BB
凜凜,冫,冫,BB
几几,NA,几,BB
出出,NA,凵,BB
刁刁,𠃌,𠃌,BB
切切,NA,刀,BB
別別,NA,刂,BB
刷刷,NA,刂,BB
刺刺,刀,刀,BB
刺刺,NA,刂,BB
則則,NA,刂,BB
剌剌,刀,刀,BB
剝剝,NA,刂,BB
劫劫,力,力,BB
勉勉,NA,力,BB
匈匈,勹,勹,BB
匡匡,NA,匚,BB
區區,NA,匸,BB
卜卜,NA,卜,BB
卟卟,NA,口,BB
卡卡,NA,卜,BB
卬卬,NA,NA,BB
即即,NA,卩,BB
厭厭,NA,厂,BB
反反,NA,又,BB
叟叟,NA,又,BB
叩叩,NA,口,BB
叫叫,NA,口,BB
叭叭,NA,口,BB
叮叮,NA,口,BB
叱叱,NA,口,BB
吁吁,NA,口,BB
吃吃,NA,口,BB
吓吓,NA,口,BB
吘吘,NA,口,BB
吞吞,NA,口,BB
吟吟,NA,口,BB
吡吡,NA,口,BB
吧吧,NA,口,BB
吭吭,NA,口,BB
吱吱,NA,口,BB
吶吶,NA,口,BB
吼吼,NA,口,BB
呀呀,NA,口,BB
呃呃,NA,口,BB
呦呦,口,口,BB
呦呦,NA,口,BB
呫呫,口,口,BB
呯呯,NA,口,BB
呱呱,NA,口,BB
呵呵,NA,口,BB
呶呶,口,口,BB
呷呷,NA,口,BB
呸呸,NA,口,BB
呼呼,NA,口,BB
咄咄,口,口,BB
咄咄,NA,口,BB
咈咈,NA,口,BB
咋咋,NA,口,BB
咕咕,NA,口,BB
咚咚,NA,口,BB
咣咣,NA,口,BB
咦咦,NA,口,BB
咩咩,NA,口,BB
咪咪,NA,口,BB
咬咬,口,口,BB
咬咬,NA,口,BB
咭咭,NA,口,BB
咯咯,NA,口,BB
咴咴,NA,口,BB
咻咻,NA,口,BB
咽咽,NA,口,BB
咿咿,NA,口,BB
哀哀,NA,口,BB
哄哄,NA,口,BB
哇哇,NA,口,BB
哈哈,NA,口,BB
哐哐,NA,口,BB
哞哞,NA,口,BB
哦哦,NA,口,BB
哧哧,NA,口,BB
哰哰,NA,口,BB
哼哼,NA,口,BB
唅唅,NA,口,BB
唉唉,NA,口,BB
唏唏,NA,口,BB
唔唔,NA,口,BB
唦唦,NA,口,BB
唧唧,口,口,BB
唧唧,NA,口,BB
𠳐𠳐,NA,口,BB
唪唪,NA,口,BB
唪唪,口,口,BB
唯唯,口,口,BB
唯唯,NA,口,BB
唰唰,NA,口,BB
唼唼,NA,口,BB
唿唿,NA,口,BB
啊啊,NA,口,BB
啍啍,NA,口,BB
啍啍,口,口,BB
啞啞,口,口,BB
啞啞,NA,口,BB
啦啦,NA,口,BB
啪啪,NA,口,BB
啵啵,NA,口,BB
啷啷,NA,口,BB
啾啾,NA,口,BB
喀喀,NA,口,BB
喁喁,NA,口,BB
喁喁,口,口,BB
喃喃,口,口,BB
喃喃,NA,口,BB
喇喇,NA,口,BB
喈喈,NA,口,BB
喈喈,口,口,BB
喋喋,口,口,BB
喋喋,NA,口,BB
喌喌,NA,口,BB
喓喓,NA,口,BB
喓喓,口,口,BB
喔喔,NA,口,BB
喘喘,口,口,BB
喣喣,火,口,BB
喤喤,NA,口,BB
喤喤,口,口,BB
喧喧,NA,口,BB
喳喳,NA,口,BB
喵喵,NA,口,BB
嗃嗃,口,口,BB
嗑嗑,口,口,BB
嗒嗒,NA,口,BB
嗔嗔,口,口,BB
嗖嗖,NA,口,BB
嗚嗚,口,口,BB
嗚嗚,NA,口,BB
嗝嗝,NA,口,BB
嗞嗞,NA,口,BB
嗟嗟,NA,口,BB
嗡嗡,NA,口,BB
嗤嗤,NA,口,BB
嗦嗦,NA,口,BB
嗨嗨,NA,口,BB
嗬嗬,NA,口,BB
嗯嗯,NA,口,BB
嗵嗵,NA,口,BB
嗷嗷,口,口,BB
嗷嗷,NA,口,BB
嗸嗸,NA,口,BB
嘈嘈,口,口,BB
嘈嘈,NA,口,BB
嘎嘎,NA,口,BB
嘐嘐,口,口,BB
嘒嘒,NA,口,BB
嘒嘒,口,口,BB
嘓嘓,NA,口,BB
嘔嘔,口,口,BB
嘔嘔,NA,口,BB
嘖嘖,口,口,BB
嘖嘖,NA,口,BB
嘚嘚,NA,口,BB
嘡嘡,NA,口,BB
嘣嘣,NA,口,BB
噓噓,NA,口,BB
㗫㗫,NA,口,BB
㗭㗭,NA,口,BB
嘟嘟,NA,口,BB
嘩嘩,NA,口,BB
嘭嘭,NA,口,BB
嘮嘮,NA,口,BB
嘯嘯,NA,口,BB
嘰嘰,NA,口,BB
嘵嘵,NA,口,BB
嘵嘵,口,口,BB
嘶嘶,NA,口,BB
嘻嘻,NA,口,BB
嘽嘽,NA,口,BB
嘽嘽,口,口,BB
嘿嘿,NA,口,BB
噂噂,口,口,BB
噌噌,NA,口,BB
噍噍,口,口,BB
噔噔,NA,口,BB
噗噗,NA,口,BB
噝噝,NA,口,BB
𠾐𠾐,NA,口,BB
噠噠,NA,口,BB
噢噢,NA,口,BB
噥噥,NA,口,BB
噦噦,NA,口,BB
噫噫,NA,口,BB
噭噭,口,口,BB
噱噱,NA,口,BB
噲噲,NA,口,BB
噳噳,NA,口,BB
噼噼,NA,口,BB
㘄㘄,NA,口,BB
嚄嚄,NA,口,BB
嚌嚌,口,口,BB
嚎嚎,NA,口,BB
嚓嚓,NA,口,BB
𡂿𡂿,NA,口,BB
嚦嚦,NA,口,BB
嚶嚶,口,口,BB
嚶嚶,NA,口,BB
囀囀,NA,口,BB
囂囂,NA,口,BB
㘗㘗,NA,口,BB
囔囔,NA,口,BB
囷囷,NA,NA,BB
在在,土,土,BB
坎坎,土,土,BB
坎坎,NA,土,BB
堂堂,NA,土,BB
塗塗,NA,土,BB
填填,土,土,BB
塺塺,土,土,BB
增增,NA,土,BB
夢夢,NA,木,BB
夭夭,夭,大,BB
央央,NA,大,BB
夸夸,NA,大,BB
奄奄,NA,大,BB
奐奐,大,大,BB
契契,大,大,BB
契契,NA,大,BB
奔奔,NA,大,BB
奕奕,NA,大,BB
好好,NA,女,BB
姁姁,女,女,BB
姍姍,女,女,BB
委委,NA,女,BB
娉娉,NA,女,BB
娑娑,女,女,BB
娓娓,女,女,BB
娖娖,女,女,BB
娟娟,NA,女,BB
婪婪,女,女,BB
媒媒,女,女,BB
媞媞,女,女,BB
嫚嫚,女,女,BB
嬈嬈,女,女,BB
嬉嬉,NA,女,BB
嬛嬛,NA,女,BB
孅孅,女,女,BB
孑孑,NA,子,BB
孜孜,子,子,BB
孳孳,子,子,BB
孽孽,NA,子,BB
它它,NA,宀,BB
安安,NA,宀,BB
宛宛,NA,宀,BB
容容,宀,宀,BB
寂寂,NA,宀,BB
密密,NA,宀,BB
察察,宀,宀,BB
寥寥,宀,宀,BB
實實,NA,宀,BB
將將,NA,寸,BB
尋尋,彐,彐,BB
居居,NA,尸,BB
屯屯,NA,屮,BB
岐岐,山,山,BB
岧岧,山,山,BB
岹岹,山,山,BB
峨峨,NA,山,BB
峩峩,NA,山,BB
崔崔,NA,山,BB
崟崟,山,山,BB
崯崯,山,山,BB
嵬嵬,山,山,BB
嶄嶄,山,山,BB
嶈嶈,山,山,BB
嶢嶢,山,山,BB
嶪嶪,山,山,BB
嶫嶫,山,山,BB
嶬嶬,山,山,BB
㠖㠖,山,山,BB
巉巉,山,山,BB
巍巍,山,山,BB
巖巖,NA,山,BB
幝幝,NA,巾,BB
幡幡,巾,巾,BB
幡幡,NA,巾,BB
幪幪,NA,巾,BB
幪幪,巾,巾,BB
平平,平,平,BB
幽幽,NA,幺,BB
龐龐,广,广,BB
龐龐,NA,广,BB
弈弈,NA,廾,BB
弊弊,廾,廾,BB
弗弗,NA,弓,BB
彊彊,NA,弓,BB
彌彌,弓,弓,BB
彧彧,NA,彡,BB
彬彬,彡,彡,BB
彭彭,彡,彡,BB
彭彭,NA,彡,BB
彯彯,彡,彡,BB
往往,彳,彳,BB
律律,NA,彳,BB
得得,NA,彳,BB
徨徨,彳,彳,BB
徾徾,彳,彳,BB
忉忉,NA,忄,BB
忉忉,心,忄,BB
忒忒,NA,心,BB
忞忞,心,心,BB
忡忡,心,忄,BB
忡忡,NA,忄,BB
忳忳,心,心,BB
忽忽,NA,心,BB
怏怏,心,忄,BB
怛怛,NA,忄,BB
怡怡,心,忄,BB
怦怦,心,忄,BB
怦怦,NA,忄,BB
怭怭,NA,忄,BB
怭怭,心,忄,BB
怲怲,NA,忄,BB
怳怳,心,忄,BB
恂恂,心,忄,BB
恈恈,心,忄,BB
恍恍,心,忄,BB
恓恓,心,忄,BB
恛恛,心,忄,BB
恟恟,心,忄,BB
恢恢,NA,忄,BB
悁悁,NA,忄,BB
悄悄,心,忄,BB
悄悄,NA,忄,BB
悒悒,心,忄,BB
悠悠,心,心,BB
悠悠,NA,心,BB
悢悢,心,心,BB
悶悶,心,心,BB
悽悽,NA,忄,BB
悾悾,心,忄,BB
惇惇,心,忄,BB
惕惕,心,忄,BB
惕惕,NA,忄,BB
惘惘,心,忄,BB
惙惙,NA,忄,BB
惴惴,心,忄,BB
惴惴,NA,忄,BB
惶惶,心,忄,BB
惸惸,NA,忄,BB
惺惺,心,忄,BB
惻惻,心,忄,BB
惻惻,NA,忄,BB
愈愈,NA,忄,BB
愉愉,心,忄,BB
愔愔,心,忄,BB
愜愜,心,忄,BB
慄慄,心,忄,BB
慆慆,NA,忄,BB
慆慆,心,忄,BB
慇慇,心,心,BB
慘慘,NA,忄,BB
慥慥,心,忄,BB
慱慱,NA,忄,BB
慱慱,心,忄,BB
慺慺,心,忄,BB
慼慼,NA,心,BB
憖憖,心,心,BB
憯憯,NA,忄,BB
憲憲,NA,心,BB
懆懆,NA,忄,BB
懆懆,心,忄,BB
懍懍,心,忄,BB
戔戔,戈,戈,BB
戚戚,戈,戈,BB
戚戚,NA,戈,BB
戛戛,戈,戈,BB
戛戛,NA,戈,BB
戰戰,NA,戈,BB
扃扃,戶,戶,BB
扎扎,NA,扌,BB
扑扑,NA,扌,BB
抑抑,NA,扌,BB
拂拂,手,扌,BB
拂拂,NA,扌,BB
拍拍,NA,扌,BB
拔拔,NA,扌,BB
招招,NA,扌,BB
拳拳,手,手,BB
挃挃,NA,扌,BB
挈挈,手,手,BB
振振,NA,扌,BB
捷捷,NA,扌,BB
掺掺,手,扌,BB
提提,NA,扌,BB
揖揖,NA,扌,BB
揚揚,手,扌,BB
揚揚,NA,扌,BB
揭揭,NA,扌,BB
搖搖,NA,扌,BB
𢱟𢱟,NA,扌,BB
摐摐,手,扌,BB
摻摻,NA,扌,BB
擦擦,NA,扌,BB
支支,NA,支,BB
攸攸,NA,攵,BB
敖敖,NA,攵,BB
斌斌,文,文,BB
斤斤,斤,斤,BB
斤斤,NA,斤,BB
施施,方,方,BB
施施,NA,方,BB
斾斾,NA,方,BB
旁旁,NA,方,BB
旆旆,NA,方,BB
旆旆,方,方,BB
旦旦,NA,日,BB
旼旼,日,日,BB
昂昂,日,日,BB
昈昈,日,日,BB
明明,NA,日,BB
昧昧,日,日,BB
昫昫,日,日,BB
昭昭,NA,日,BB
昱昱,日,日,BB
晃晃,日,日,BB
晏晏,日,日,BB
晏晏,NA,日,BB
晢晢,NA,日,BB
晣晣,NA,日,BB
晣晣,日,日,BB
暐暐,日,日,BB
暝暝,日,日,BB
暠暠,日,日,BB
暨暨,日,日,BB
暾暾,日,日,BB
曀曀,NA,日,BB
曄曄,日,日,BB
曇曇,云,云,BB
曈曈,日,日,BB
曖曖,日,日,BB
朋朋,NA,月,BB
朗朗,月,月,BB
朗朗,NA,月,BB
期期,月,月,BB
朱朱,NA,木,BB
朵朵,NA,木,BB
杌杌,木,木,BB
杲杲,NA,木,BB
杳杳,日,木,BB
杳杳,NA,木,BB
板板,NA,木,BB
析析,木,木,BB
林林,木,木,BB
枚枚,木,木,BB
枚枚,NA,木,BB
查查,NA,木,BB
栗栗,木,木,BB
栗栗,NA,木,BB
栩栩,木,木,BB
格格,NA,木,BB
桀桀,NA,木,BB
桓桓,木,木,BB
桓桓,NA,木,BB
梅梅,木,木,BB
梆梆,NA,木,BB
梢梢,木,木,BB
棖棖,木,木,BB
棣棣,NA,木,BB
棣棣,木,木,BB
棬棬,木,木,BB
森森,木,木,BB
森森,NA,木,BB
棲棲,木,木,BB
棲棲,NA,木,BB
楚楚,NA,木,BB
業業,NA,木,BB
榔榔,NA,木,BB
榛榛,木,木,BB
槭槭,NA,木,BB
槭槭,木,木,BB
樀樀,NA,木,BB
橈橈,木,木,BB
橐橐,NA,木,BB
橐橐,木,木,BB
檻檻,NA,木,BB
欐欐,木,木,BB
欒欒,NA,木,BB
欒欒,木,木,BB
欣欣,NA,欠,BB
欻欻,NA,火,BB
欽欽,金,金,BB
欽欽,NA,金,BB
款款,欠,欠,BB
歉歉,欠,欠,BB
歊歊,欠,欠,BB
歙歙,欠,欠,BB
歷歷,NA,厂,BB
歷歷,止,止,BB
殖殖,歹,歹,BB
殖殖,NA,歹,BB
殷殷,NA,殳,BB
毿毿,毛,毛,BB
汎汎,NA,氵,BB
汕汕,NA,氵,BB
汩汩,NA,氵,BB
汩汩,水,氵,BB
汪汪,水,氵,BB
汪汪,NA,氵,BB
汯汯,水,氵,BB
汲汲,水,氵,BB
汶汶,水,氵,BB
汹汹,NA,氵,BB
決決,NA,氵,BB
沃沃,NA,氵,BB
沈沈,水,氵,BB
沈沈,NA,氵,BB
沉沉,水,氵,BB
沌沌,水,氵,BB
沓沓,水,水,BB
沓沓,NA,水,BB
沖沖,NA,冫,BB
沙沙,NA,氵,BB
沸沸,NA,氵,BB
油油,水,氵,BB
沺沺,水,氵,BB
沾沾,水,氵,BB
泄泄,水,氵,BB
泄泄,NA,氵,BB
泠泠,水,氵,BB
泠泠,NA,氵,BB
泥泥,水,氵,BB
泥泥,NA,氵,BB
泯泯,水,氵,BB
泱泱,水,氵,BB
泱泱,NA,氵,BB
洋洋,水,氵,BB
洋洋,NA,氵,BB
洒洒,水,氵,BB
津津,水,氵,BB
洩洩,水,氵,BB
洶洶,水,氵,BB
洸洸,NA,氵,BB
洸洸,水,氵,BB
活活,水,氵,BB
活活,NA,氵,BB
浟浟,水,氵,BB
浤浤,NA,氵,BB
浥浥,水,氵,BB
浩浩,水,氵,BB
浩浩,NA,氵,BB
浪浪,水,氵,BB
浮浮,NA,氵,BB
浸浸,水,氵,BB
浼浼,NA,氵,BB
浼浼,水,氵,BB
涊涊,水,氵,BB
涎涎,水,氵,BB
涓涓,水,氵,BB
涔涔,水,氵,BB
淅淅,NA,氵,BB
淅淅,水,氵,BB
淈淈,水,氵,BB
淋淋,水,氵,BB
淒淒,NA,氵,BB
淒淒,水,氵,BB
淙淙,NA,氵,BB
淚淚,水,氵,BB
淠淠,NA,氵,BB
淵淵,NA,氵,BB
淺淺,水,氵,BB
渙渙,NA,氵,BB
渟渟,水,氵,BB
渠渠,NA,氵,BB
渢渢,NA,氵,BB
渤渤,NA,氵,BB
渫渫,水,氵,BB
渺渺,水,氵,BB
湃湃,水,氵,BB
湉湉,水,氵,BB
湍湍,NA,氵,BB
湑湑,NA,氵,BB
湑湑,水,氵,BB
湛湛,水,氵,BB
湛湛,NA,氵,BB
湜湜,NA,氵,BB
湜湜,水,氵,BB
湝湝,NA,氵,BB
湝湝,水,氵,BB
湣湣,水,氵,BB
湯湯,水,氵,BB
湯湯,NA,氵,BB
源源,水,氵,BB
溘溘,水,氵,BB
溫溫,NA,氵,BB
溱溱,NA,氵,BB
溲溲,NA,氵,BB
溶溶,水,氵,BB
溶溶,NA,氵,BB
滃滃,水,氵,BB
滈滈,水,氵,BB
滔滔,水,氵,BB
滔滔,NA,氵,BB
滌滌,水,氵,BB
滌滌,NA,氵,BB
滴滴,NA,氵,BB
滺滺,NA,氵,BB
滾滾,水,氵,BB
滾滾,NA,氵,BB
漎漎,NA,氵,BB
漠漠,NA,氵,BB
漣漣,NA,氵,BB
漫漫,水,氵,BB
漫漫,NA,氵,BB
漭漭,水,氵,BB
漸漸,NA,氵,BB
漾漾,NA,氵,BB
潀潀,水,氵,BB
潎潎,水,氵,BB
潐潐,水,氵,BB
潑潑,水,氵,BB
潝潝,NA,氵,BB
潢潢,水,氵,BB
潭潭,水,氵,BB
潰潰,NA,氵,BB
潺潺,NA,氵,BB
潺潺,水,氵,BB
潾潾,水,氵,BB
澄澄,NA,氵,BB
澌澌,NA,氵,BB
澎澎,NA,氵,BB
澤澤,NA,氵,BB
澹澹,NA,氵,BB
激激,NA,氵,BB
濃濃,NA,氵,BB
濈濈,NA,氵,BB
濈濈,水,氵,BB
濊濊,NA,氵,BB
濊濊,水,氵,BB
濔濔,NA,氵,BB
濔濔,水,氵,BB
濕濕,水,氵,BB
濕濕,NA,氵,BB
濛濛,NA,氵,BB
濛濛,水,氵,BB
濞濞,水,氵,BB
濟濟,NA,氵,BB
濯濯,NA,氵,BB
濯濯,水,氵,BB
濺濺,NA,氵,BB
瀁瀁,水,氵,BB
瀌瀌,NA,氵,BB
瀌瀌,水,氵,BB
瀝瀝,NA,氵,BB
瀟瀟,水,氵,BB
瀟瀟,NA,氵,BB
瀯瀯,水,氵,BB
瀰瀰,NA,氵,BB
瀰瀰,水,氵,BB
瀼瀼,NA,氵,BB
瀼瀼,水,氵,BB
灌灌,水,氵,BB
灌灌,NA,氵,BB
灩灩,水,氵,BB
灼灼,火,火,BB
灼灼,NA,火,BB
炎炎,NA,火,BB
炯炯,火,火,BB
炰烋,NA,灬,BB
烈烈,火,灬,BB
烈烈,NA,灬,BB
烘烘,NA,火,BB
烝烝,NA,灬,BB
烺烺,火,火,BB
焞焞,NA,火,BB
焞焞,火,火,BB
焱焱,火,火,BB
煌煌,火,火,BB
煌煌,NA,火,BB
煜煜,火,火,BB
煢煢,NA,火,BB
熇熇,NA,火,BB
熊熊,火,灬,BB
熏熏,NA,灬,BB
熙熙,NA,灬,BB
蒸蒸,火,灬,BB
熠熠,火,火,BB
熬熬,火,灬,BB
燉燉,火,火,BB
營營,NA,火,BB
燡燡,火,火,BB
爍爍,火,火,BB
爗爗,NA,火,BB
爚爚,火,火,BB
爛爛,火,火,BB
爰爰,NA,爪,BB
牂牂,NA,羊,BB
牂牂,羊,羊,BB
牙牙,NA,牙,BB
犖犖,火,火,BB
狉狉,犬,犬,BB
狒狒,犬,犬,BB
狺狺,NA,犬,BB
狺狺,犬,犬,BB
猗猗,NA,犬,BB
猗猗,犬,犬,BB
獵獵,犬,犬,BB
獵獵,NA,犬,BB
玲玲,玉,王,BB
玲玲,NA,王,BB
珊珊,玉,王,BB
珞珞,玉,王,BB
琅琅,玉,王,BB
琅琅,NA,王,BB
琤琤,NA,王,BB
琤琤,玉,王,BB
琭琭,玉,王,BB
琮琮,NA,王,BB
瑟瑟,NA,王,BB
瑣瑣,玉,王,BB
瑣瑣,NA,王,BB
瑯瑯,NA,王,BB
瑲瑲,NA,王,BB
甄甄,瓦,瓦,BB
甡甡,NA,生,BB
甫甫,NA,用,BB
由由,由,由,BB
甸甸,田,田,BB
畇畇,NA,田,BB
畇畇,田,田,BB
畟畟,NA,田,BB
畟畟,田,田,BB
番番,田,田,BB
番番,NA,田,BB
當當,NA,田,BB
痯痯,NA,NA,BB
登登,NA,癶,BB
發發,NA,又,BB
的的,白,白,BB
皇皇,白,白,BB
皇皇,NA,白,BB
皎皎,NA,白,BB
皐皐,NA,白,BB
皚皚,白,白,BB
皛皛,白,白,BB
皞皞,白,白,BB
皤皤,白,白,BB
盈盈,皿,皿,BB
盤盤,NA,皿,BB
盱盱,目,目,BB
眇眇,目,目,BB
眈眈,目,目,BB
眑眑,目,目,BB
眷眷,目,目,BB
眽眽,目,目,BB
睊睊,目,目,BB
睘睘,NA,罒,BB
睠睠,NA,目,BB
睢睢,目,目,BB
睩睩,目,目,BB
睽睽,目,目,BB
瞀瞀,目,目,BB
瞏瞏,罒,罒,BB
瞥瞥,目,目,BB
瞿瞿,目,目,BB
瞿瞿,NA,目,BB
矍矍,目,目,BB
矜矜,NA,矛,BB
矯矯,矢,矢,BB
矯矯,NA,矢,BB
矹矹,石,石,BB
矻矻,石,石,BB
砐砐,石,石,BB
砯砯,石,石,BB
砰砰,石,石,BB
砰砰,NA,石,BB
硜硜,NA,石,BB
硜硜,石,石,BB
硠硠,石,石,BB
碄碄,石,石,BB
碌碌,石,石,BB
碰碰,NA,石,BB
磑磑,石,石,BB
磕磕,NA,石,BB
磝磝,石,石,BB
礧礧,石,石,BB
祁祁,NA,礻,BB
祁祁,示,礻,BB
祈祈,示,礻,BB
祛祛,示,礻,BB
祛祛,NA,礻,BB
祝祝,NA,礻,BB
禗禗,示,礻,BB
秋秋,禾,禾,BB
秩秩,NA,禾,BB
穀穀,NA,禾,BB
穆穆,NA,禾,BB
穟穟,NA,禾,BB
穰穰,NA,禾,BB
究究,NA,穴,BB
突突,NA,穴,BB
窅窅,目,穴,BB
窈窈,穴,穴,BB
窣窣,NA,穴,BB
笛笛,NA,⺮,BB
答答,NA,⺮,BB
管管,NA,⺮,BB
篤篤,NA,⺮,BB
簌簌,NA,⺮,BB
簌簌,竹,⺮,BB
簡簡,NA,⺮,BB
籊籊,NA,⺮,BB
粲粲,NA,NA,BB
粼粼,NA,NA,BB
粼粼,巛,巛,BB
糾糾,NA,糸,BB
紛紛,糸,糸,BB
紛紛,NA,糸,BB
紜紜,糸,糸,BB
索索,糸,糸,BB
索索,NA,糸,BB
細細,NA,糸,BB
絲絲,NA,糸,BB
綏綏,NA,糸,BB
綣綣,糸,糸,BB
綽綽,NA,糸,BB
綿綿,NA,糸,BB
緌緌,糸,糸,BB
緜緜,NA,糸,BB
緝緝,NA,糸,BB
縱縱,糸,糸,BB
縵縵,糸,糸,BB
繩繩,糸,糸,BB
繩繩,NA,糸,BB
繹繹,NA,糸,BB
纍纍,糸,糸,BB
纖纖,糸,糸,BB
缺缺,NA,缶,BB
罩罩,NA,罒,BB
翂翂,羽,羽,BB
翊翊,羽,羽,BB
習習,NA,羽,BB
翛翛,NA,羽,BB
翛翛,羽,羽,BB
翩翩,羽,羽,BB
翩翩,NA,羽,BB
翯翯,NA,羽,BB
翼翼,NA,羽,BB
翹翹,NA,羽,BB
翽翽,NA,羽,BB
翽翽,羽,羽,BB
耳耳,NA,耳,BB
耶耶,NA,耳,BB
耾耾,耳,耳,BB
耿耿,耳,耳,BB
耿耿,NA,耳,BB
聆聆,耳,耳,BB
聒聒,耳,耳,BB
肅肅,NA,聿,BB
肜肜,月,月,BB
肩肩,月,月,BB
肫肫,月,月,BB
肸肸,月,月,BB
肺肺,NA,月,BB
胡胡,NA,月,BB
脛脛,月,月,BB
脫脫,月,月,BB
脫脫,NA,月,BB
腜腜,月,月,BB
膠膠,NA,月,BB
膴膴,NA,月,BB
艾艾,艸,艹,BB
芃芃,NA,艹,BB
芃芃,艸,艹,BB
芊芊,艸,艹,BB
芒芒,艸,艹,BB
芒芒,NA,艹,BB
芬芬,NA,艹,BB
芮芮,艸,艹,BB
芸芸,艸,艹,BB
苒苒,NA,艹,BB
苒苒,艸,艹,BB
英英,NA,艹,BB
苹苹,艸,艹,BB
苾苾,NA,艹,BB
苾苾,艸,艹,BB
茀茀,NA,艹,BB
茫茫,水,艹,BB
茫茫,NA,艹,BB
茷茷,NA,艹,BB
茸茸,艸,艹,BB
草草,艸,艹,BB
草草,NA,艹,BB
荷荷,NA,艹,BB
莅莅,艸,艹,BB
莅莅,NA,艹,BB
莓莓,艸,艹,BB
莫莫,NA,艹,BB
莽莽,NA,艹,BB
菀菀,艸,艹,BB
菁菁,NA,艹,BB
菲菲,艸,艹,BB
菶菶,NA,艹,BB
萋萋,NA,艹,BB
萋萋,艸,艹,BB
落落,艸,艹,BB
落落,NA,艹,BB
蒨蒨,艸,艹,BB
蒼蒼,艸,艹,BB
蒼蒼,NA,艹,BB
蓁蓁,NA,艹,BB
蓁蓁,艸,艹,BB
蓑蓑,艸,艹,BB
蓬蓬,艸,艹,BB
蓬蓬,NA,艹,BB
蓼蓼,NA,艹,BB
蓼蓼,艸,艹,BB
蔌蔌,NA,艹,BB
蔌蔌,艸,艹,BB
蔓蔓,艸,艹,BB
蔘蔘,艸,艹,BB
蔚蔚,艸,艹,BB
蕩蕩,水,艹,BB
蕩蕩,NA,艹,BB
蕭蕭,艸,艹,BB
蕭蕭,NA,艹,BB
薄薄,NA,艹,BB
薆薆,艸,艹,BB
薨薨,NA,艹,BB
薿薿,NA,艹,BB
薿薿,艸,艹,BB
藉藉,艸,艹,BB
藐藐,NA,艹,BB
藹藹,艸,艹,BB
藹藹,NA,艹,BB
蘂蘂,艸,艹,BB
蘧蘧,NA,艹,BB
蘷蘷,艸,艹,BB
虎虎,NA,虍,BB
虔虔,文,虍,BB
虺虺,NA,虫,BB
虺虺,虫,虫,BB
蚩蚩,NA,虫,BB
蚩蚩,虫,虫,BB
蛇蛇,虫,虫,BB
蛇蛇,NA,虫,BB
蛐蛐,NA,虫,BB
蜎蜎,NA,虫,BB
蜎蜎,虫,虫,BB
蜿蜿,虫,虫,BB
蝡蝡,虫,虫,BB
融融,虫,虫,BB
蟄蟄,虫,虫,BB
蟄蟄,NA,虫,BB
蟈蟈,NA,虫,BB
蟫蟫,虫,虫,BB
蟲蟲,NA,虫,BB
蠕蠕,虫,虫,BB
蠢蠢,虫,虫,BB
行行,彳,彳,BB
衎衎,彳,彳,BB
衙衙,彳,彳,BB
裊裊,衣,衣,BB
裳裳,NA,衣,BB
裶裶,衣,衣,BB
褭褭,衣,衣,BB
褭褭,NA,衣,BB
西西,NA,西,BB
角角,NA,角,BB
言言,NA,言,BB
訇訇,NA,言,BB
訏訏,NA,言,BB
訏訏,言,言,BB
訑訑,言,言,BB
訢訢,言,言,BB
訩訩,言,言,BB
訰訰,言,言,BB
許許,NA,言,BB
訾訾,NA,言,BB
訿訿,NA,言,BB
詡詡,言,言,BB
詵詵,NA,言,BB
詵詵,言,言,BB
詹詹,言,言,BB
詾詾,言,言,BB
誙誙,言,言,BB
語語,NA,言,BB
誾誾,言,言,BB
諄諄,NA,言,BB
諓諓,言,言,BB
諤諤,言,言,BB
諵諵,NA,言,BB
謔謔,NA,言,BB
謖謖,言,言,BB
謙謙,言,言,BB
譊譊,言,言,BB
譙譙,NA,言,BB
譙譙,言,言,BB
譻譻,NA,言,BB
谹谹,谷,谷,BB
赫赫,NA,赤,BB
赳赳,NA,走,BB
趯趯,NA,走,BB
趯趯,走,走,BB
足足,NA,足,BB
趵趵,NA,足,BB
跕跕,足,足,BB
跫跫,NA,足,BB
踏踏,NA,足,BB
踖踖,NA,足,BB
踖踖,足,足,BB
踧踧,NA,足,BB
踧踧,足,足,BB
踽踽,NA,足,BB
踽踽,足,足,BB
蹀蹀,足,足,BB
蹋蹋,NA,足,BB
蹌蹌,足,足,BB
蹌蹌,NA,足,BB
蹙蹙,NA,足,BB
蹡蹡,足,足,BB
蹬蹬,NA,足,BB
蹲蹲,NA,足,BB
蹶蹶,NA,足,BB
蹻蹻,NA,足,BB
蹻蹻,足,足,BB
躍躍,足,足,BB
躍躍,NA,足,BB
躚躚,足,足,BB
躣躣,足,足,BB
軋軋,車,車,BB
軋軋,NA,車,BB
軒軒,車,車,BB
輯輯,車,車,BB
輷輷,NA,車,BB
輷輷,車,車,BB
轆轆,NA,車,BB
轔轔,NA,車,BB
轔轔,車,車,BB
轟轟,車,車,BB
轟轟,NA,車,BB
𨏈𨏈,NA,車,BB
轠轠,車,車,BB
迢迢,辶,辶,BB
迢迢,NA,辶,BB
逄逄,辶,辶,BB
逖逖,辶,辶,BB
通通,NA,辶,BB
速速,辶,辶,BB
逢逢,辶,辶,BB
逢逢,NA,辶,BB
連連,辶,辶,BB
連連,NA,辶,BB
逮逮,辶,辶,BB
逯逯,辶,辶,BB
逴逴,辶,辶,BB
逸逸,NA,辶,BB
遙遙,辶,辶,BB
遲遲,NA,辶,BB
邁邁,辶,辶,BB
邁邁,NA,辶,BB
邦邦,NA,阝,BB
邴邴,丙,阝,BB
郁郁,邑,阝,BB
鄰鄰,NA,阝,BB
醰醰,酉,酉,BB
醳醳,酉,酉,BB
采采,NA,釆,BB
鈎鈎,NA,金,BB
鈴鈴,金,金,BB
鈴鈴,NA,金,BB
鉠鉠,金,金,BB
錄錄,金,金,BB
錚錚,金,金,BB
錚錚,NA,金,BB
鍠鍠,NA,金,BB
鍠鍠,金,金,BB
鎗鎗,金,金,BB
鏃鏃,金,金,BB
鏗鏗,金,金,BB
鏗鏗,NA,金,BB
鏘鏘,金,金,BB
鏘鏘,NA,金,BB
鏜鏜,NA,金,BB
鏦鏦,NA,金,BB
鐺鐺,金,金,BB
鐺鐺,NA,金,BB
鑣鑣,金,金,BB
鑣鑣,NA,金,BB
鑦鑦,NA,金,BB
鑿鑿,NA,金,BB
鑿鑿,金,金,BB
閑閑,NA,門,BB
閒閒,門,門,BB
閔閔,門,門,BB
閣閣,NA,門,BB
閤閤,門,門,BB
閬閬,門,門,BB
闐闐,NA,門,BB
闐闐,門,門,BB
關關,NA,門,BB
關關,門,門,BB
阿阿,NA,阝,BB
陣陣,阜,阝,BB
陰陰,NA,阝,BB
陶陶,阜,阝,BB
陶陶,NA,阝,BB
陽陽,NA,阝,BB
陾陾,NA,阝,BB
陾陾,阜,阝,BB
隆隆,NA,阝,BB
隱隱,NA,阝,BB
雝雝,NA,隹,BB
雝雝,NA,隹,BB
離離,NA,隹,BB
離離,隹,隹,BB
雰雰,NA,雨,BB
雰雰,雨,雨,BB
霍霍,雨,雨,BB
霍霍,NA,雨,BB
霎霎,雨,雨,BB
霎霎,NA,雨,BB
霏霏,NA,雨,BB
霏霏,雨,雨,BB
靄靄,雲,雨,BB
青青,NA,青,BB
靡靡,NA,非,BB
鞅鞅,革,革,BB
鞙鞙,NA,革,BB
韡韡,NA,革,BB
韡韡,華,革,BB
頊頊,玉,玉,BB
顒顒,NA,頁,BB
顒顒,頁,頁,BB
顛顛,頁,頁,BB
顯顯,NA,頁,BB
颯颯,𠘨,𠘨,BB
颯颯,NA,𠘨,BB
颲颲,𠘨,𠘨,BB
颸颸,NA,𠘨,BB
颺颺,NA,𠘨,BB
颼颼,𠘨,𠘨,BB
颼颼,NA,𠘨,BB
颾颾,NA,𠘨,BB
颿颿,𠘨,𠘨,BB
飀飀,NA,𠘨,BB
飀飀,𠘨,𠘨,BB
飂飂,𠘨,𠘨,BB
飄飄,𠘨,𠘨,BB
飄飄,NA,𠘨,BB
飉飉,𠘨,𠘨,BB
養養,NA,八,BB
䬵䬵,NA,飠,BB
馞馞,香,香,BB
馮馮,NA,冫,BB
駉駉,NA,馬,BB
駉駉,馬,馬,BB
駓駓,馬,馬,BB
駪駪,NA,馬,BB
駸駸,NA,馬,BB
駸駸,馬,馬,BB
騂騂,NA,馬,BB
騑騑,NA,馬,BB
騑騑,馬,馬,BB
騤騤,NA,馬,BB
騤騤,馬,馬,BB
騰騰,NA,馬,BB
騷騷,NA,馬,BB
驕驕,NA,馬,BB
驛驛,NA,馬,BB
高高,NA,高,BB
鬱鬱,NA,NA,BB
鮁鮁,NA,魚,BB
鶂鶂,鳥,鳥,BB
鶬鶬,NA,鳥,BB
鶬鶬,鳥,鳥,BB
麃麃,NA,鹿,BB
麌麌,NA,鹿,BB
麌麌,鹿,鹿,BB
黃黃,NA,黃,BB
默默,黑,黑,BB
默默,NA,黑,BB
黝黝,黑,黑,BB
黮黮,黑,黑,BB
黯黯,NA,黑,BB
鼟鼟,NA,NA,BB
齁齁,NA,鼻,BB
齗齗,齒,齒,BB
齦齦,齒,齒,BB
丁丁丁,NA,NA,BBB
乒乒乒,NA,NA,BBB
倉倉倉,NA,NA,BBB
刷刷刷,NA,刂,BBB
勿勿勿,NA,NA,BBB
卜卜卜,NA,卜,BBB
叨叨叨,NA,口,BBB
台台台,NA,口,BBB
吭吭吭,NA,口,BBB
吱吱吱,NA,口,BBB
呀呀呀,NA,口,BBB
呱呱呱,NA,口,BBB
呵呵呵,NA,口,BBB
咕咕咕,NA,口,BBB
咚咚咚,NA,口,BBB
咯咯咯,NA,口,BBB
咵咵咵,NA,口,BBB
哄哄哄,NA,口,BBB
哇哇哇,NA,口,BBB
唉唉唉,NA,口,BBB
唧唧唧,NA,口,BBB
𠳐𠳐𠳐,NA,口,BBB
啪啪啪,NA,口,BBB
喀喀喀,NA,口,BBB
喔喔喔,NA,口,BBB
喳喳喳,NA,口,BBB
嗒嗒嗒,NA,口,BBB
嗖嗖嗖,NA,口,BBB
嗚嗚嗚,NA,口,BBB
嗡嗡嗡,NA,口,BBB
嗤嗤嗤,NA,口,BBB
嗬嗬嗬,NA,口,BBB
嘎嘎嘎,NA,口,BBB
嘡嘡嘡,NA,口,BBB
噓噓噓,NA,口,BBB
嘩嘩嘩,NA,口,BBB
嘭嘭嘭,NA,口,BBB
嘰嘰嘰,NA,口,BBB
嘿嘿嘿,NA,口,BBB
噌噌噌,NA,口,BBB
噔噔噔,NA,口,BBB
噗噗噗,NA,口,BBB
噼噼噼,NA,口,BBB
嚓嚓嚓,NA,口,BBB
得得得,NA,彳,BBB
忽忽忽,NA,心,BBB
扑扑扑,NA,扌,BBB
拍拍拍,NA,扌,BBB
柝柝柝,NA,木,BBB
格格格,NA,木,BBB
橐橐橐,NA,木,BBB
汩汩汩,NA,氵,BBB
汪汪汪,NA,氵,BBB
沙沙沙,NA,氵,BBB
當當當,NA,田,BBB
登登登,NA,癶,BBB
砰砰砰,NA,石,BBB
突突突,NA,穴,BBB
篤篤篤,NA,⺮,BBB
蓬蓬蓬,NA,艹,BBB
薩薩薩,NA,艹,BBB
蹋蹋蹋,NA,足,BBB
通通通,NA,辶,BBB
鈴鈴鈴,NA,金,BBB
鏜鏜鏜,NA,金,BBB
鑿鑿鑿,NA,金,BBB
騰騰騰,NA,月,BBB
叭叭叭叭,NA,口,BBBB
呱呱呱呱,NA,口,BBBB
咕咕咕咕,NA,口,BBBB
哇哇哇哇,NA,口,BBBB
哈哈哈哈,NA,口,BBBB
唦唦唦唦,NA,口,BBBB
嗒嗒嗒嗒,NA,口,BBBB
嘎嘎嘎嘎,NA,口,BBBB
嘰嘰嘰嘰,NA,口,BBBB
噗噗噗噗,NA,口,BBBB
盧盧盧盧,NA,卜,BBBB
突突突突,NA,穴,BBBB
花花花花,NA,艹,BBBB
通通通通,NA,辶,BBBB
侵尋,彐,亻,BR
便辟,NA,NA,BR
僄狡,NA,NA,BR
儴佯,人,亻,BR
儻朗,NA,NA,BR
儻閬,NA,NA,BR
凌歷,NA,NA,BR
列缺,NA,NA,BR
判換,NA,NA,BR
劬錄,NA,NA,BR
勃窣,NA,NA,BR
參潭,NA,NA,BR
叢殘,NA,NA,BR
叨沓,NA,NA,BR
呫囓,口,口,BR
咆哮,口,口,BR
啽囈,口,口,BR
嘈啐,口,口,BR
嘈囋,口,口,BR
嘈雜,NA,NA,BR
噴薄,NA,NA,BR
噞喁,口,口,BR
噤吟,口,口,BR
囁嚅,口,口,BR
囂藹,NA,NA,BR
坎坷,土,土,BR
坡坨,土,土,BR
壇曼,NA,NA,BR
壇漫,NA,NA,BR
壙埌,土,土,BR
夷靡,NA,NA,BR
妖冶,NA,NA,BR
妖嬈,女,女,BR
委蛇,NA,NA,BR
婆娑,女,女,BR
婉戀,NA,NA,BR
媻娑,女,女,BR
嫖姚,女,女,BR
嬌嬈,女,女,BR
容與,NA,NA,BR
寥落,NA,NA,BR
㝩㝗,宀,宀,BR
㝩梁,NA,NA,BR
局促,NA,NA,BR
岐嶷,山,山,BR
岧嵽,山,山,BR
岧嶤,NA,山,BR
岧嶤,山,山,BR
岨峿,山,山,BR
岹嵽,山,山,BR
岹嶤,山,山,BR
岺巆,山,山,BR
崆峒,山,山,BR
崆㟅,山,山,BR
崎嶇,山,山,BR
崎嶷,山,山,BR
崢嶸,NA,山,BR
崢嶸,山,山,BR
嵌巖,山,山,BR
嶒峵,山,山,BR
嶔岑,山,山,BR
嶔崎,山,山,BR
嶢嶭,山,山,BR
巀櫱,山,山,BR
巃嵸,山,山,BR
巇險,NA,NA,BR
布濩,NA,NA,BR
希夷,NA,NA,BR
幎歷,NA,NA,BR
彷彿,彳,彳,BR
徑廷,NA,NA,BR
徙倚,NA,NA,BR
從容,NA,NA,BR
忀徉,彳,彳,BR
怏悒,心,忄,BR
怫愄,心,忄,BR
恓屑,NA,NA,BR
惏悷,心,忄,BR
惕息,心,心,BR
惺忪,心,忄,BR
惺鬆,NA,NA,BR
愅詭,NA,NA,BR
愴怳,心,忄,BR
愷悌,心,忄,BR
慘悴,心,忄,BR
懊惱,心,忄,BR
戚促,NA,NA,BR
戚草,NA,NA,BR
抖擻,手,扌,BR
抗髒,NA,NA,BR
披靡,NA,NA,BR
拮据,手,手,BR
拮据,NA,扌,BR
捷獵,NA,NA,BR
揄揚,手,扌,BR
搖曳,NA,NA,BR
摎蓼,翏,翏,BR
撓挑,手,扌,BR
擾攘,手,扌,BR
攢雜,NA,NA,BR
㩻䧢,NA,NA,BR
攲缺,NA,NA,BR
旺相,NA,NA,BR
昂藏,NA,NA,BR
昆侖,NA,NA,BR
昧莫,NA,NA,BR
曇欒,木,木,BR
曈曚,日,日,BR
曈曨,日,日,BR
曭朗,NA,NA,BR
曭莽,NA,NA,BR
曼羨,NA,NA,BR
朴簌,NA,NA,BR
杌隉,NA,NA,BR
杳眇,NA,NA,BR
栗烈,NA,NA,BR
案衍,NA,NA,BR
棲屑,NA,NA,BR
棲遲,NA,NA,BR
槃礡,NA,NA,BR
㯓臘,NA,NA,BR
欄杆,木,木,BR
歔欷,欠,欠,BR
歘吸,NA,NA,BR
氛氳,气,气,BR
汍瀾,水,氵,BR
汍蘭,NA,NA,BR
汎𣶏,水,氵,BR
汪洋,水,氵,BR
汪漾,水,氵,BR
汪翔,NA,NA,BR
沆瀣,水,氵,BR
沓合,NA,NA,BR
沕穆,NA,NA,BR
沸渭,水,氵,BR
泡溲,水,氵,BR
泫沄,水,氵,BR
泮汗,水,氵,BR
洚洞,水,氵,BR
洶湧,水,氵,BR
浩汗,水,氵,BR
浸淫,水,氵,BR
浹洽,水,氵,BR
涴演,水,氵,BR
淅瀝,NA,氵,BR
淅瀝,水,氵,BR
淋灕,水,氵,BR
淒楚,NA,NA,BR
淖約,NA,NA,BR
淜湃,水,氵,BR
淟涊,水,氵,BR
淡沱,水,氵,BR
淪落,水,氵,BR
渟濙,水,氵,BR
溥漠,水,氵,BR
溶㵝,水,氵,BR
溶與,NA,NA,BR
滂沛,水,氵,BR
滂沱,水,氵,BR
滂濞,水,氵,BR
滑稽,NA,NA,BR
滴瀝,水,氵,BR
滴瀝,NA,氵,BR
漩澴,水,氵,BR
漼溰,水,氵,BR
潎洌,水,氵,BR
潺湲,水,氵,BR
澎湃,水,氵,BR
澎濞,水,氵,BR
澒洞,水,氵,BR
澹淡,水,氵,BR
澹澉,水,氵,BR
澹灧,水,氵,BR
澹蕩,水,氵,BR
濆薄,水,氵,BR
濎濘,水,氵,BR
濎濙,水,氵,BR
濘溺,水,氵,BR
濩落,水,氵,BR
瀇漾,水,氵,BR
瀇瀁,水,氵,BR
瀟條,NA,NA,BR
瀟森,NA,NA,BR
瀟灑,水,氵,BR
瀟率,NA,NA,BR
瀟瑟,NA,NA,BR
瀟索,NA,NA,BR
瀺灂,水,氵,BR
灝溔,水,氵,BR
炰烋,火,灬,BR
烜爀,火,火,BR
焱悠,火,火,BR
熒惑,NA,NA,BR
燐亂,NA,NA,BR
燦爛,火,火,BR
爣朗,NA,NA,BR
爣閬,NA,NA,BR
爬沙,NA,NA,BR
璀錯,NA,NA,BR
璘彬,玉,王,BR
璘班,玉,王,BR
瓠落,NA,NA,BR
町畽,田,田,BR
町疃,田,田,BR
留落,NA,NA,BR
皛溔,NA,NA,BR
盤桓,NA,NA,BR
盤薄,NA,NA,BR
相羊,NA,NA,BR
眩湣,NA,NA,BR
睍睆,目,目,BR
瞥列,NA,NA,BR
瞥裂,NA,NA,BR
瞳矇,目,目,BR
碕礒,石,石,BR
磊砢,石,石,BR
磊落,NA,NA,BR
磐桓,NA,NA,BR
磐礡,石,石,BR
磐薄,NA,NA,BR
磐辟,NA,NA,BR
磧歷,NA,NA,BR
磧礫,石,石,BR
秃兀,NA,NA,BR
突兀,NA,NA,BR
窅眇,目,目,BR
糾蓼,NA,NA,BR
紛紜,糸,糸,BR
索落,NA,NA,BR
緊絭,糸,糸,BR
縈紆,糸,糸,BR
纏綿,糸,糸,BR
翕赩,NA,NA,BR
翠微,NA,NA,BR
翠微,羽,羽,BR
翱翔,羽,羽,BR
翱翔,NA,羽,BR
肸蠁,NA,NA,BR
膧朧,月,月,BR
膧䑃,月,月,BR
膨脝,月,月,BR
膩細,NA,NA,BR
舂容,NA,NA,BR
舑舕,舌,舌,BR
舔舕,舌,舌,BR
芊眠,NA,NA,BR
芊綿,NA,NA,BR
芬氳,NA,NA,BR
苓落,艸,艹,BR
草次,NA,NA,BR
荒唐,NA,NA,BR
菲薇,艸,艹,BR
萎約,NA,NA,BR
萎腇,委,委,BR
萑蔰,艸,艹,BR
萑蘭,艸,艹,BR
蒼茫,艸,艹,BR
蒼茫,NA,艹,BR
蓊茸,艸,艹,BR
蓊鬱,NA,NA,BR
蓬勃,NA,NA,BR
蓬茸,艸,艹,BR
蔚結,NA,NA,BR
蔥蘢,艸,艹,BR
蕭條,NA,NA,BR
蕭森,NA,NA,BR
蕭灑,NA,NA,BR
蕭率,NA,NA,BR
蕭瑟,NA,NA,BR
蕭索,NA,NA,BR
蘙蔚,艸,艹,BR
蘙薈,艸,艹,BR
蘧蒢,艸,艹,BR
蜷局,NA,NA,BR
蜷跼,NA,NA,BR
蜿蜒,虫,虫,BR
蟉虯,虫,虫,BR
蠆芥,NA,NA,BR
衝蓯,NA,NA,BR
袢廷,NA,NA,BR
襲雜,衣,衣,BR
詭隨,言,言,BR
謑髁,言,言,BR
豁落,NA,NA,BR
豐茸,NA,NA,BR
象罔,NA,NA,BR
踧踖,足,足,BR
蹉跎,足,足,BR
蹉跎,NA,足,BR
轔轢,車,車,BR
辟易,NA,NA,BR
迢遞,辶,辶,BR
迢遞,NA,辶,BR
迤靡,NA,NA,BR
逡循,NA,NA,BR
逡巡,辶,辶,BR
連軒,車,車,BR
逶迤,辶,辶,BR
錯莫,NA,NA,BR
阡眠,NA,NA,BR
阡綿,NA,NA,BR
阢隉,阜,阜,BR
阬衡,NA,NA,BR
陂陀,阜,阜,BR
陸梁,NA,NA,BR
陸離,NA,NA,BR
雍容,NA,NA,BR
離披,NA,NA,BR
離麋,NA,NA,BR
零丁,NA,NA,BR
零落,NA,NA,BR
霢霂,雨,雨,BR
須臾,NA,NA,BR
頑鈍,NA,NA,BR
颯沓,NA,NA,BR
颯爽,NA,NA,BR
飂戾,NA,NA,BR
飄搖,NA,NA,BR
飣餖,食,飠,BR
饕餮,食,飠,BR
駘蕩,NA,NA,BR
駱漠,NA,NA,BR
騷屑,NA,NA,BR
驂驔,馬,馬,BR
髟鼬,NA,NA,BR
鬱悒,NA,NA,BR
鴻洞,水,氵,BR
麻茶,NA,NA,BR
黮䨴,NA,NA,BR
俞然,NA,NA,RAN
倜然,NA,亻,RAN
具然,NA,NA,RAN
凜然,NA,冫,RAN
劃然,NA,刂,RAN
勃然,NA,NA,RAN
听然,口,口,RAN
哆然,口,口,RAN
嗑然,口,口,RAN
嗒然,口,口,RAN
嘸然,口,口,RAN
塊然,NA,土,RAN
奭然,NA,NA,RAN
嫣然,NA,女,RAN
嬪然,NA,女,RAN
峨然,山,山,RAN
嶄然,山,山,RAN
幡然,巾,巾,RAN
怫然,心,忄,RAN
戄然,心,忄,RAN
柔然,木,木,RAN
油然,水,水,RAN
洗然,水,水,RAN
涓然,水,水,RAN
漂然,水,水,RAN
潢然,水,水,RAN
灼然,火,火,RAN
率然,NA,NA,RAN
祺然,示,示,RAN
窅然,穴,穴,RAN
索然,糸,糸,RAN
翕然,羽,羽,RAN
翛然,羽,羽,RAN
脫然,月,月,RAN
茫然,NA,氵,RAN
茫然,水,氵,RAN
荅然,NA,艹,RAN
蘧然,艸,艹,RAN
褏然,衣,衣,RAN
贄然,貝,貝,RAN
蹍然,足,足,RAN
蹙然,足,足,RAN
蹴然,足,足,RAN
酌然,酉,酉,RAN
閹然,門,門,RAN
闞然,門,門,RAN
顒然,頁,頁,RAN
伊鬱,NA,NA,RB
佶屈,NA,NA,RB
依稀,NA,NA,RB
倥侗,人,亻,RB
倭遲,NA,NA,RB
傍偟,人,亻,RB
區霿,NA,NA,RB
㕉匝,NA,NA,RB
叫條,NA,NA,RB
嘹亮,NA,NA,RB
嘹唳,口,口,RB
嚬呻,口,口,RB
壘塊,土,土,RB
姽嫿,女,女,RB
娉婷,女,女,RB
婀娜,女,女,RB
婉轉,NA,NA,RB
孊密,NA,NA,RB
宕冥,冖,冖,RB
展轉,NA,NA,RB
嵁巖,山,山,RB
嵯峨,NA,山,RB
嵯峨,山,山,RB
嶕嶢,山,山,RB
巉巖,山,山,RB
巊冥,NA,NA,RB
徘徊,彳,彳,RB
徘徊,NA,彳,RB
徬徨,彳,彳,RB
忸怩,心,忄,RB
怊悵,心,忄,RB
悃款,NA,NA,RB
悠揚,NA,NA,RB
惆悵,心,忄,RB
惆悵,NA,忄,RB
憧憬,心,忄,RB
憭慄,心,忄,RB
懰慄,心,忄,RB
挑達,NA,NA,RB
掠削,NA,NA,RB
揮霍,NA,NA,RB
斑剝,文,NA,RB
梗概,木,木,RB
汗漫,水,氵,RB
洸洋,水,氵,RB
浶浪,水,氵,RB
浹渫,水,氵,RB
渟瀯,水,氵,RB
溝瞀,NA,NA,RB
漫漶,水,氵,RB
潦倒,NA,NA,RB
澶漫,水,氵,RB
爁焱,火,火,RB
瑟索,NA,NA,RB
瑟縮,NA,NA,RB
痀僂,NA,NA,RB
眴煥,NA,NA,RB
瞟眇,目,目,RB
矊眇,目,目,RB
矍鑠,NA,NA,RB
硼磕,石,石,RB
硼隱,NA,NA,RB
碭突,NA,NA,RB
磅唐,NA,NA,RB
磅礴,石,石,RB
磈硊,石,石,RB
磈磊,石,石,RB
綝縿,糸,糸,RB
縹緲,糸,糸,RB
縹緲,NA,糸,RB
翡翠,羽,羽,RB
翡翠,NA,羽,RB
聊浪,NA,NA,RB
茗邈,NA,NA,RB
菴藹,艸,艹,RB
菶茸,艸,艹,RB
蓄縮,NA,NA,RB
蘖卼,NA,NA,RB
蘭單,NA,NA,RB
虺隤,NA,NA,RB
蚡緼,NA,NA,RB
螮蝀,虫,虫,RB
蟬聯,NA,NA,RB
裴徊,NA,NA,RB
襤褸,衣,衣,RB
覶縷,NA,NA,RB
觱沸,NA,NA,RB
詰誳,言,言,RB
誂越,NA,NA,RB
跌宕,NA,NA,RB
跼躅,足,足,RB
踽僂,NA,NA,RB
蹣跚,足,足,RB
輣闐,NA,NA,RB
輾轉,車,車,RB
輾轉,NA,車,RB
逼迸,辶,辶,RB
邐迤,NA,辶,RB
邐迤,辶,辶,RB
酕醄,酉,酉,RB
險巇,NA,NA,RB
顄淡,NA,NA,RB
顑頷,頁,頁,RB
驞駍,馬,馬,RB
髑髏,骨,骨,RB
黯黮,黑,黑,RB
巍峨,山,山,RED
巍峩,山,山,RED
曵曳,NA,NA,RED
青熒,NA,NA,RED
颻颺,𠘨,𠘨,RED
騷搔,NA,NA,RED
丁冬,NA,NA,RR
丁玲,NA,NA,RR
丁璫,NA,NA,RR
丁當,NA,NA,RR
丁董,NA,NA,RR
丁鈴,NA,NA,RR
丁零,NA,NA,RR
丘虛,NA,NA,RR
么麼,NA,NA,RR
乒乓,NA,NA,RR
乓當,NA,NA,RR
亂離,NA,NA,RR
于嗟,NA,NA,RR
令台,NA,NA,RR
伊軋,NA,NA,RR
伊邑,NA,NA,RR
伴奐,NA,NA,RR
伶俜,人,亻,RR
佁儗,人,亻,RR
低啞,NA,NA,RR
佚豫,NA,NA,RR
侏儒,人,亻,RR
侘傺,人,亻,RR
侜張,NA,NA,RR
依約,NA,NA,RR
俇攘,NA,NA,RR
俍倡,人,亻,RR
俍傍,人,亻,RR
俜伶,人,亻,RR
俶儻,人,亻,RR
俾倪,人,亻,RR
倉兄,NA,NA,RR
倉猝,NA,NA,RR
倉皇,NA,NA,RR
倏忽,NA,NA,RR
倏眒,NA,NA,RR
倘佯,人,亻,RR
倜儻,人,亻,RR
倥傯,人,亻,RR
倭墮,NA,NA,RR
偃仰,NA,亻,RR
偃蹇,NA,NA,RR
偓促,人,亻,RR
傖獰,NA,NA,RR
僛丑,NA,NA,RR
優柔,NA,NA,RR
優游,NA,NA,RR
優遊,NA,NA,RR
儲與,NA,NA,RR
儵忽,NA,NA,RR
充斥,NA,NA,RR
光啷,NA,NA,RR
克嚓,NA,NA,RR
凌厲,NA,NA,RR
凝情,NA,NA,RR
凱嗚,NA,NA,RR
別倉,NA,NA,RR
刷拉,NA,NA,RR
刺啦,NA,NA,RR
刺棱,NA,NA,RR
刺楞,NA,NA,RR
刺溜,NA,NA,RR
刺瘤,NA,NA,RR
剝啄,NA,NA,RR
劈剝,NA,NA,RR
劈啪,NA,NA,RR
劻勷,力,力,RR
匍匐,勹,勹,RR
匍匐,NA,勹,RR
卓犖,NA,NA,RR
卜東,NA,NA,RR
占斷,NA,NA,RR
卡嚓,NA,NA,RR
參差,NA,NA,RR
叛換,NA,NA,RR
叛衍,NA,NA,RR
叭唧,NA,口,RR
叭喇,NA,口,RR
叭喳,NA,口,RR
叭嚓,NA,口,RR
叮咚,NA,口,RR
叮噹,NA,口,RR
叮當,NA,口,RR
可叉,NA,NA,RR
吃地,NA,NA,RR
吃察,NA,NA,RR
吉丁,NA,NA,RR
吡兒嚓,NA,NA,RR
吧兒吧兒,NA,口,RR
吧呀,NA,口,RR
吧唧,NA,口,RR
吧嗒,NA,口,RR
吧噠,NA,口,RR
吧的,NA,NA,RR
吭哧,NA,口,RR
吭唧,NA,口,RR
吭啷,NA,口,RR
吱兒吱兒,NA,口,RR
吱吜,NA,口,RR
吱呀,NA,口,RR
吱啞,NA,口,RR
吱嗡,NA,口,RR
吱嘍,NA,口,RR
吱嘎,NA,口,RR
吸地,NA,NA,RR
吸的,NA,NA,RR
吾伊,NA,NA,RR
呃啾,NA,口,RR
呃喔,NA,口,RR
㕲漱,NA,NA,RR
𠯜嘎,NA,口,RR
呢喃,NA,口,RR
呱唧,NA,口,RR
呱喇,NA,口,RR
呱嗒,NA,口,RR
呱噠,NA,口,RR
呱嚕,NA,口,RR
呲啦,NA,口,RR
呵嗬,NA,口,RR
呻吟,口,口,RR
呼兒呼兒,NA,口,RR
呼叱,NA,口,RR
呼哧,NA,口,RR
呼啦,NA,口,RR
呼喇,NA,口,RR
呼嘯,NA,口,RR
呼嚕,NA,口,RR
呼蚩,NA,NA,RR
咀嚼,口,口,RR
和羅,NA,NA,RR
咍台,厶,NA,RR
咔吧,NA,口,RR
咔噠,NA,口,RR
咔嚓,NA,口,RR
咕冬,NA,NA,RR
咕咚,NA,口,RR
咕唧,NA,口,RR
咕嘟,NA,口,RR
咕嘰,NA,口,RR
咕噔,NA,口,RR
咕噥,NA,口,RR
咕嚓,NA,口,RR
咕嚕,NA,口,RR
咕囔,NA,口,RR
咕隆,NA,NA,RR
咣噹,NA,口,RR
咣當,NA,NA,RR
咤沙,NA,NA,RR
咨嗟,口,口,RR
咪嗚,NA,口,RR
咫尺,尺,尺,RR
咭叮,NA,口,RR
咭咯,NA,口,RR
咭咯兒,NA,口,RR
咭嘎,NA,口,RR
咭格,NA,口,RR
咯兒,NA,口,RR
咯吧,NA,口,RR
咯吱,NA,口,RR
咯咕,NA,口,RR
咯喳,NA,口,RR
咯嘣,NA,口,RR
咯噔,NA,口,RR
咯噥,NA,口,RR
咯嚓,NA,口,RR
咴兒咴兒,NA,口,RR
咿呀,NA,口,RR
咿唔,NA,口,RR
咿啞,NA,口,RR
咿嗚,NA,口,RR
咿軋,NA,NA,RR
哄嚨,NA,口,RR
哆嗦,NA,口,RR
哇哈,NA,口,RR
哇啦,NA,口,RR
哇嗚,NA,口,RR
哎呀,NA,口,RR
哎呦,NA,口,RR
哎唷,NA,口,RR
哐啦,NA,口,RR
哐啷,NA,口,RR
哐噹,NA,口,RR
哐當,NA,NA,RR
哧啦,NA,口,RR
哧溜,NA,NA,RR
哼兒哈兒,NA,口,RR
哼哈,NA,口,RR
哼哧,NA,口,RR
哼唧,NA,口,RR
哼唷,NA,口,RR
哼阿,NA,NA,RR
唏噓,NA,口,RR
唐突,NA,NA,RR
唔嗷,NA,口,RR
唔囔,NA,口,RR
唧噥,NA,口,RR
𠳭嚓,NA,NA,RR
唰兒唰兒,NA,口,RR
唰啦,NA,口,RR
唲嘔,口,口,RR
唿喳,NA,口,RR
啁哳,口,口,RR
啁啾,NA,口,RR
啁啾,口,口,RR
啁噍,口,口,RR
啊呀,NA,口,RR
啊咿,NA,口,RR
啊啾,NA,口,RR
啊喲,NA,口,RR
啊嗚,NA,口,RR
啊嚏,NA,口,RR
啌咚,NA,口,RR
啪唧,NA,口,RR
啪啦,NA,口,RR
啪嗒,NA,口,RR
啪嚓,NA,口,RR
啷當,NA,NA,RR
啽哢,口,口,RR
啽默,NA,NA,RR
啾哳,NA,口,RR
啾唧,NA,口,RR
啾唧,口,口,RR
啾啁,NA,口,RR
啾嘈,口,口,RR
喀丹,NA,NA,RR
喀吧,NA,口,RR
喀啦,NA,口,RR
喀噠,NA,口,RR
喀嚓,NA,口,RR
喑嗚,口,口,RR
喑噁,口,口,RR
喔咿,NA,口,RR
喤呷,NA,口,RR
喳達,NA,NA,RR
喵嗚,NA,口,RR
嗆啷,NA,口,RR
嗚乎,NA,NA,RR
嗚兒嗚兒,NA,口,RR
嗚呀,NA,口,RR
嗚呼,口,口,RR
嗚呼,NA,口,RR
嗚咽,口,口,RR
嗚咽,NA,口,RR
嗚哇,NA,口,RR
嗚哈,NA,口,RR
嗚嚕,NA,口,RR
嗚虖,NA,NA,RR
嗞咕,NA,口,RR
嗞喇,NA,口,RR
嗞嘍,NA,口,RR
嗞溜,NA,NA,RR
嗡兒嗡兒,NA,口,RR
嘀咕,NA,口,RR
嘀嗒,NA,口,RR
嘀嚕,NA,口,RR
嘁喳,NA,口,RR
嘎兒嘎兒,NA,口,RR
嘎叭,NA,口,RR
嘎吧,NA,口,RR
嘎吱,NA,口,RR
嘎咕,NA,口,RR
嘎啦,NA,口,RR
嘎喳,NA,口,RR
嘎嗒,NA,口,RR
嘎嘣,NA,口,RR
嘎噔,NA,口,RR
嘎巴,NA,NA,RR
嘐戞,NA,NA,RR
嘓啅,NA,口,RR
嘔啞,口,口,RR
嘔啞,NA,口,RR
嘔嘎,NA,口,RR
嘔軋,NA,NA,RR
嘡啷,NA,口,RR
噓呼,NA,口,RR
噓唏,NA,口,RR
嘟勒,NA,NA,RR
嘟喃,NA,口,RR
嘟嗒,NA,口,RR
嘟噥,NA,口,RR
嘟嚕,NA,口,RR
嘟囔,NA,口,RR
嘩啦,NA,口,RR
嘩啷,NA,口,RR
嘩喇,NA,口,RR
嘭啦,NA,口,RR
嘮叨,NA,口,RR
嘰咕,NA,口,RR
嘰嘎,NA,口,RR
嘰嘖,NA,口,RR
嘲哳,NA,口,RR
嘶啞,NA,口,RR
嘶拉,NA,NA,RR
嘶沙,NA,NA,RR
噌吰,NA,口,RR
噌吰,口,口,RR
噌宏,NA,NA,RR
噔㘄,NA,口,RR
噗咚,NA,口,RR
噗哧,NA,口,RR
噗唧,NA,口,RR
噗啦,NA,口,RR
噗嗤,NA,口,RR
噗嗵,NA,口,RR
噗噔,NA,口,RR
噗通,NA,NA,RR
噢咦,NA,口,RR
噫嘻,NA,口,RR
噭咷,口,口,RR
噶喇,NA,口,RR
噼呀,NA,口,RR
噼啪,NA,口,RR
噼拍,NA,NA,RR
𡀩噓,NA,口,RR
嚄唶,NA,口,RR
嚅唲,口,口,RR
嚶喔,口,口,RR
因循,NA,NA,RR
因巡,NA,NA,RR
坱圠,土,土,RR
坱軋,NA,NA,RR
埤坭,土,土,RR
埤堄,土,土,RR
夤緣,NA,NA,RR
夭矯,夭,夭,RR
夷猶,NA,NA,RR
奐衍,NA,NA,RR
契闊,NA,NA,RR
奮迅,NA,NA,RR
妥帖,NA,NA,RR
姁媮,女,女,RR
姌嫋,女,女,RR
委蛇,NA,NA,RR
姚冶,NA,NA,RR
婐㛂,女,女,RR
㛹娟,女,女,RR
媻姍,女,女,RR
媻珊,NA,NA,RR
嫥捖,NA,NA,RR
嫵媚,女,女,RR
嬋娟,NA,女,RR
嬋娟,女,女,RR
嬋媛,女,女,RR
孅趨,NA,NA,RR
孟浪,NA,NA,RR
孤獨,NA,NA,RR
孤苦,NA,NA,RR
孤高,NA,NA,RR
密勿,NA,NA,RR
寥亮,NA,NA,RR
寥唳,NA,NA,RR
寥廓,宀,宀,RR
寥落,NA,NA,RR
尨茸,NA,NA,RR
屈強,NA,NA,RR
屈橋,NA,NA,RR
屏營,NA,NA,RR
屓奰,NA,NA,RR
屭奰,NA,NA,RR
屹崒,山,山,RR
屹崪,山,山,RR
岑崟,山,山,RR
岝崿,山,山,RR
岞崿,山,山,RR
岧嶤,NA,山,RR
岧嶤,山,山,RR
岪鬱,NA,NA,RR
岺嶙,山,山,RR
崒兀,NA,NA,RR
崔嵬,NA,NA,RR
崚嶒,山,山,RR
崢嶸,NA,山,RR
崢嶸,山,山,RR
崩騰,NA,NA,RR
崩騰,月,月,RR
崴嵬,山,山,RR
嵫釐,NA,NA,RR
嵯峨,NA,山,RR
嵯峨,山,山,RR
嵽嵲,山,山,RR
嶄巗,山,山,RR
嶄巖,山,山,RR
嶙峋,山,山,RR
嶪峨,山,山,RR
嶪峩,山,山,RR
嶫峨,山,山,RR
嶱嵑,山,山,RR
巑岏,山,山,RR
巖巒,NA,山,RR
巧老,NA,NA,RR
差池,NA,NA,RR
幼妙,NA,NA,RR
幼眇,NA,NA,RR
庨窌,NA,NA,RR
彌漫,NA,NA,RR
彳亍,彳,彳,RR
彷徉,彳,彳,RR
征營,NA,NA,RR
徘徊,彳,彳,RR
徘徊,NA,彳,RR
徜徉,彳,彳,RR
必剝,NA,NA,RR
忉怛,心,心,RR
忒楞,NA,NA,RR
忪懞,心,心,RR
忽嘟,NA,NA,RR
忽搭,NA,NA,RR
忽然,NA,心,RAN
忽隆,NA,NA,RR
怐愗,心,心,RR
怡悅,NA,忄,RR
怡然,NA,忄,RAN
怫鬱,NA,NA,RR
恍忽,心,心,RR
恍惚,心,心,RR
恓惶,心,心,RR
恣睢,NA,NA,RR
悁急,心,心,RR
悄然,NA,忄,RAN
悇憛,心,心,RR
悉索,NA,NA,RR
悟悅,NA,忄,RR
悵望,NA,NA,RR
悾款,NA,NA,RR
惆悵,心,忄,RR
惆悵,NA,忄,RR
惘然,NA,忄,RAN
惚恍,心,忄,RR
惝怳,心,忄,RR
惴耎,NA,NA,RR
惻愴,心,忄,RR
愀愴,心,忄,RR
愁疾,NA,NA,RR
愔翳,NA,NA,RR
愴然,NA,忄,RAN
慇勤,NA,NA,RR
慇懃,心,心,RR
慌惚,心,忄,RR
慶倉,NA,NA,RR
慷慨,心,忄,RR
憔悴,心,忄,RR
憔顇,NA,NA,RR
憛悇,心,忄,RR
憞溷,NA,NA,RR
懊憦,心,忄,RR
懭悢,心,忄,RR
戀眷,NA,NA,RR
戃慌,心,忄,RR
戌削,NA,NA,RR
戛然,NA,戈,RAN
扑冬,NA,NA,RR
扑同,NA,NA,RR
扑咚,NA,NA,RR
扑哧,NA,NA,RR
扑唧,NA,NA,RR
扑嗤,NA,NA,RR
扑嚕,NA,NA,RR
扑打,NA,扌,RR
扑桶,NA,NA,RR
扑棱,NA,NA,RR
扑楞,NA,NA,RR
扑漉,NA,NA,RR
扑的,NA,NA,RR
扑簌,NA,NA,RR
扑蹬,NA,NA,RR
扑通,NA,NA,RR
扑騰,NA,NA,RR
扑騰兒,NA,NA,RR
扑鹿,NA,NA,RR
扢插,NA,NA,RR
扶搖,手,扌,RR
扶疏,NA,NA,RR
抑鬱,NA,NA,RR
拉瑟,NA,NA,RR
拍撻,NA,扌,RR
拍蹋,NA,NA,RR
招搖,手,扌,RR
拮据,手,扌,RR
拮据,NA,扌,RR
掩抑,NA,扌,RR
握齱,NA,NA,RR
揶揄,手,扌,RR
搜牢,NA,NA,RR
搶攘,手,扌,RR
摩何,NA,NA,RR
撥剌,NA,NA,RR
撥拉,NA,扌,RR
擦達,NA,NA,RR
擾弱,NA,NA,RR
支楞,NA,NA,RR
放浪,NA,NA,RR
敞怳,NA,NA,RR
斒斕,文,文,RR
斟酌,NA,NA,RR
斯須,NA,NA,RR
於乎,NA,NA,RR
旁魄,NA,NA,RR
旖旎,方,方,RR
晃朗,NA,NA,RR
晦昧,NA,日,RR
曠蕩,NA,NA,RR
曼衍,NA,NA,RR
望洋,NA,NA,RR
杈枒,木,木,RR
杭唷,NA,NA,RR
杭壯,NA,NA,RR
杭育,NA,NA,RR
東丁,NA,NA,RR
枒杈,木,木,RR
查牙,NA,NA,RR
栗烈,NA,NA,RR
格噔,NA,NA,RR
格磔,NA,NA,RR
梁昌,NA,NA,RR
楞層,NA,NA,RR
槍欀,木,木,RR
樂託,NA,NA,RR
樘突,NA,NA,RR
模糊,NA,NA,RR
檟楚,NA,NA,RR
欷歔,NA,NA,RR
欸乃,NA,NA,RR
欻拉,NA,NA,RR
正營,NA,NA,RR
殑㱥,歹,歹,RR
㱥殑,歹,歹,RR
殷勤,NA,NA,RR
毷氉,毛,毛,RR
氃氋,毛,毛,RR
氤氳,气,气,RR
氾瀾,水,氵,RR
汀濘,水,氵,RR
汀濴,水,氵,RR
汋約,NA,氵,RR
汩沒,NA,氵,RR
汩活,NA,氵,RR
沆漭,水,氵,RR
沕潏,水,氵,RR
沙噠,NA,NA,RR
沙拉,NA,NA,RR
沙楞,NA,NA,RR
沮洳,NA,氵,RR
沸濆,水,氵,RR
泓宏,水,氵,RR
泓汯,水,氵,RR
波啦,NA,NA,RR
泱漭,水,氵,RR
泱灢,水,氵,RR
流落,NA,氵,RR
流連,水,氵,RR
流離,NA,NA,RR
浩然,NA,NA,RR
浸潯,水,氵,RR
消息,水,氵,RR
涬溟,水,氵,RR
淅瀝,NA,氵,RR
淅瀝,水,氵,RR
淅颯,NA,NA,RR
淋漓,NA,氵,RR
淒涼,NA,氵,RR
淙琤,NA,NA,RR
淜滂,水,氵,RR
淴泱,水,氵,RR
清揚,NA,NA,RR
清明,NA,NA,RR
港洞,水,氵,RR
游衍,NA,NA,RR
渺漫,水,氵,RR
渺瀰,水,氵,RR
渺然,NA,NA,RR
渺茫,水,氵,RR
渾沌,水,氵,RR
湫嘞,NA,NA,RR
溟沐,水,氵,RR
溟涬,水,氵,RR
溟漭,水,氵,RR
溪刻,NA,NA,RR
滄浪,水,氵,RR
滉漾,水,氵,RR
滴嗒,NA,NA,RR
滴溜,NA,氵,RR
滴溜兒,NA,NA,RR
滴瀝,水,氵,RR
滴瀝,NA,氵,RR
滴答,NA,NA,RR
滴達,NA,NA,RR
漂搖,NA,NA,RR
演漾,NA,氵,RR
漣洏,水,氵,RR
漣漪,水,氵,RR
漭漾,水,氵,RR
漻浰,水,氵,RR
潑剌,NA,NA,RR
澒濛,水,氵,RR
澩灂,水,氵,RR
澩㺒,NA,NA,RR
澶湉,水,氵,RR
澹泊,水,氵,RR
澹然,NA,氵,RAN
濡染,NA,氵,RR
瀏亮,NA,NA,RR
瀰漫,水,氵,RR
瀲灧,水,氵,RR
瀺灂,NA,氵,RR
灂瀺,NA,氵,RR
炊累,NA,NA,RR
炰烋,NA,灬,RR
烏乎,NA,NA,RR
烏呼,口,NA,RR
烏虖,NA,NA,RR
烟熅,火,火,RR
熀爛,火,火,RR
熠燿,NA,火,RR
熠燿,火,火,RR
燠煜,火,火,RR
燾奡,NA,NA,RR
爌熀,火,火,RR
爛漫,NA,NA,RR
牢落,NA,NA,RR
猖狂,犬,犬,RR
猖獗,犬,犬,RR
猗儺,NA,NA,RR
猗嗟,NA,NA,RR
猗歟,NA,NA,RR
猗狔,犬,犬,RR
猗與,NA,NA,RR
猶豫,NA,NA,RR
率爾,NA,NA,RR
玎玲,NA,王,RR
玎璫,NA,王,RR
玓瓑,玉,王,RR
玢豳,玉,王,RR
玲瓏,玉,王,RR
玲瓏,NA,王,RR
琅當,NA,NA,RR
琤瑽,NA,王,RR
琬琰,玉,王,RR
琮琤,NA,王,RR
琳琅,NA,王,RR
琳瑯,玉,王,RR
瑯璫,NA,王,RR
瑲玲,玉,王,RR
瑽瑢,NA,王,RR
璀璨,玉,王,RR
瓏璁,玉,王,RR
町畽,NA,田,RR
畢剝,NA,NA,RR
當啷,NA,NA,RR
疙瘩,NA,疒,RR
的嗒,NA,NA,RR
的皪,白,白,RR
睍睆,NA,目,RR
睥睨,目,目,RR
睽睢,目,目,RR
瞑眩,目,目,RR
瞢騰,NA,NA,RR
知了,NA,NA,RR
砟硌,石,石,RR
砰磅,NA,石,RR
硌噔,NA,NA,RR
硡隱,NA,NA,RR
碌硞,石,石,RR
碐磳,石,石,RR
碣磍,石,石,RR
磅硠,NA,石,RR
磕仆,NA,NA,RR
磕叉,NA,NA,RR
磕喳,NA,NA,RR
磕擦,NA,NA,RR
䃔䃧,NA,NA,RR
磬控,NA,NA,RR
礐硞,石,石,RR
票姚,NA,NA,RR
稠嶅,NA,NA,RR
突兀,NA,NA,RR
窈窕,穴,穴,RR
窈窕,NA,穴,RR
䆗窱,穴,穴,RR
窐寥,宀,宀,RR
窸窣,NA,NA,RR
笛答,NA,⺮,RR
篤速,NA,NA,RR
篳篥,竹,竹,RR
紆餘,NA,NA,RR
紇地,NA,NA,RR
紛綸,糸,糸,RR
紛綸,NA,糸,RR
紛葩,NA,NA,RR
絡繹,糸,糸,RR
絪縕,糸,糸,RR
絲捧絲捧,NA,NA,RR
綝纚,糸,糸,RR
綢繆,糸,糸,RR
綢繆,NA,糸,RR
綷瀺,NA,NA,RR
綷粲,NA,NA,RR
綷縩,糸,糸,RR
綷䌨,NA,糸,RR
綽約,糸,糸,RR
縹緲,糸,糸,RR
縹緲,NA,糸,RR
繚繞,糸,糸,RR
繽紛,糸,糸,RR
繾綣,糸,糸,RR
繾綣,NA,糸,RR
翕赫,NA,NA,RR
翠微,NA,NA,RR
翠微,羽,羽,RR
翡翠,羽,羽,RR
翡翠,NA,羽,RR
翩飄,NA,NA,RR
翱翔,羽,羽,RR
翱翔,NA,羽,RR
聯卷,NA,NA,RR
聯娟,NA,NA,RR
胳察,NA,NA,RR
胳查,NA,NA,RR
芬芳,NA,艹,RR
芳菲,艸,艹,RR
苒弱,NA,NA,RR
苒荏,艸,艹,RR
苯䔿,艸,艹,RR
苹縈,艸,艹,RR
茈虒,NA,NA,RR
茫昧,NA,NA,RR
茫洋,水,氵,RR
茫然,NA,氵,RAN
茫然,水,氵,RAN
茵蒀,艸,艹,RR
荏苒,艸,艹,RR
莽蒼,艸,艹,RR
菈擸,手,扌,RR
萃蔡,NA,艹,RR
萋斐,NA,NA,RR
萎蕤,艸,艹,RR
葡伏,NA,NA,RR
葡服,NA,NA,RR
葩華,艸,艹,RR
葳蕤,艸,艹,RR
蒼茫,艸,艹,RR
蒼茫,NA,艹,RR
蒼莽,艸,艹,RR
蒼黃,NA,NA,RR
蔑蒙,艸,艹,RR
蔽芾,艸,艹,RR
蕞爾,NA,NA,RR
蕩漾,NA,NA,RR
蕭條,NA,NA,RR
蕭瑟,NA,NA,RR
蕭肅,肅,肅,RR
蕭蔘,艸,艹,RR
蕭閒,NA,NA,RR
薆薱,艸,艹,RR
薈蔚,艸,艹,RR
藏催,NA,NA,RR
蘢茸,艸,艹,RR
蘢蔥,艸,艹,RR
號咷,口,口,RR
蚴虯,虫,虫,RR
蟾蜍,虫,虫,RR
裊娜,NA,NA,RR
褵褷,衣,衣,RR
褷褵,衣,衣,RR
襞襀,衣,衣,RR
觱沸,NA,NA,RR
觱發,NA,NA,RR
䚧觩,角,角,RR
訇磕,NA,NA,RR
訇磤,NA,NA,RR
訇稜,NA,NA,RR
訇隠,NA,NA,RR
詭譎,言,言,RR
謰謱,言,言,RR
譸張,NA,NA,RR
谽谺,谷,谷,RR
豁啷,NA,NA,RR
豁郎,NA,NA,RR
豈弟,NA,NA,RR
赑屓,貝,貝,RR
趑趄,走,走,RR
趢趗,走,走,RR
趻踔,足,足,RR
趿拉,NA,NA,RR
踉蹌,足,足,RR
踟躕,足,足,RR
踟躕,NA,足,RR
踢蹬,NA,足,RR
踢達,NA,NA,RR
踢騰,NA,NA,RR
踥跌,足,足,RR
踶跂,足,足,RR
蹀躞,足,足,RR
蹁躚,足,足,RR
蹉跌,足,足,RR
蹉跎,足,足,RR
蹉跎,NA,足,RR
蹣辟,足,足,RR
蹣連,NA,NA,RR
蹩躠,足,足,RR
蹭蹬,足,足,RR
躊躇,足,足,RR
躊躇,NA,足,RR
躑躅,足,足,RR
躕躇,足,足,RR
躞蹀,足,足,RR
躪轢,NA,NA,RR
躨跜,足,足,RR
軋伊,NA,NA,RR
輈張,NA,NA,RR
輘輷,車,車,RR
輘轢,車,車,RR
輣訇,NA,NA,RR
輷稜,NA,NA,RR
輷輘,車,車,RR
輾轉,車,車,RR
輾轉,NA,車,RR
轇轕,車,車,RR
轔轢,車,車,RR
轟嗚,NA,NA,RR
轟豗,NA,NA,RR
轟隆,NA,NA,RR
轟隠,NA,NA,RR
轣轆,NA,車,RR
迍邅,辶,辶,RR
迢遞,辶,辶,RR
迢遞,NA,辶,RR
迤邐,辶,辶,RR
迴合,NA,NA,RR
迷密,NA,NA,RR
逍遙,辶,辶,RR
逍遙,NA,辶,RR
造次,NA,NA,RR
連卷,NA,NA,RR
逴躒,NA,NA,RR
遊敖,NA,NA,RR
遊遨,NA,辶,RR
邂逅,辶,辶,RR
邅迍,辶,辶,RR
邐迤,NA,辶,RR
邐迤,辶,辶,RR
邦啷,NA,邑,RR
郭郎,邑,邑,RR
鄭重,NA,NA,RR
酩酊,酉,酉,RR
鈎胶,NA,NA,RR
鉏鋙,金,金,RR
鉤輖,NA,NA,RR
錚琮,NA,NA,RR
錚鍠,NA,金,RR
錚鏦,NA,金,RR
鎗玲,NA,NA,RR
鎯鐺,NA,金,RR
鏗鍧,金,金,RR
鏗鏘,金,金,RR
鏗鏘,NA,金,RR
鑦然,NA,金,RAN
鑦肱,NA,NA,RR
鑦銁,NA,金,RR
鑦鎗,NA,金,RR
鑦鏘,NA,金,RR
閒關,NA,門,RR
間關,NA,門,RR
間關,門,門,RR
閣閤,NA,門,RR
闛閤,NA,門,RR
闛鞳,NA,門,RR
阿侑,NA,NA,RR
阿叱,NA,NA,RR
阿唷,NA,NA,RR
阿啛,NA,NA,RR
阿嚏,NA,NA,RR
阿鵲,NA,NA,RR
陁靡,NA,NA,RR
陶然,NA,阜,RAN
隆穹,NA,NA,RR
險巇,NA,NA,RR
雜襲,NA,NA,RR
雜遝,NA,NA,RR
雜錯,NA,NA,RR
離亂,NA,NA,RR
離靡,NA,NA,RR
零亂,NA,NA,RR
零落,NA,NA,RR
霍繹,NA,NA,RR
霡霂,雨,雨,RR
霢霂,NA,雨,RR
霧露,NA,雨,RR
霹靂,雨,雨,RR
霹靂,NA,雨,RR
靉霼,云,雲,RR
靉靅,云,雲,RR
靉靆,云,雲,RR
鞅常,NA,NA,RR
鞅掌,NA,NA,RR
鞠躬,NA,NA,RR
頡滑,NA,NA,RR
頡頏,頁,頁,RR
頻煩,頁,頁,RR
颯洒,NA,NA,RR
颯索,NA,NA,RR
颼兒颼兒,NA,NA,RR
颼飀,NA,𠘨,RR
颼飀,𠘨,𠘨,RR
飄颻,NA,𠘨,RR
飉濿,NA,NA,RR
餮切,NA,NA,RR
饜飫,NA,NA,RR
馳驅,NA,馬,RR
駊騀,馬,馬,RR
騞砉,NA,NA,RR
騤瞿,NA,NA,RR
驕傲,NA,NA,RR
骨嘟,NA,NA,RR
骨碌,NA,NA,RR
骨董,NA,NA,RR
骯髒,骨,骨,RR
高閣,NA,NA,RR
髬髵,髟,髟,RR
鬇鬡,髟,髟,RR
鴻蒙,NA,NA,RR
黝糾,NA,NA,RR
黮暗,NA,NA,RR
黯慘,NA,NA,RR
黯然,NA,黑,RAN
黯黮,黑,黑,RR
黶翳,NA,NA,RR
黽勉,NA,NA,RR
齟齬,齒,齒,RR
齱齵,齒,齒,RR
齷齪,齒,齒,RR
齽齘,齒,齒,RR
龍鐘,NA,NA,RR
一吱呀,NA,NA,RRR
一留兀淥,NA,NA,RRR
于嗟乎,NA,NA,RRR
克丁當,NA,NA,RRR
冬冬鏘,NA,NA,RRR
剔剔托,NA,NA,RRR
勾勾嘍,NA,NA,RRR
叮叮咚,NA,口,RRR
叮叮當,NA,NA,RRR
吉丁當,NA,NA,RRR
吉玎璫,NA,NA,RRR
咕咕咯,NA,口,RRR
咚咚嗆,NA,口,RRR
咚咚察,NA,NA,RRR
咚咚鏘,NA,NA,RRR
咭叮璫,NA,NA,RRR
咯咯嘎,NA,口,RRR
咯嘟嚕,NA,口,RRR
咿咿呀,NA,口,RRR
哏哏嘎,NA,口,RRR
唧咕唧,NA,口,RRR
啪啪啦,NA,口,RRR
喵喵嗚,NA,口,RRR
嗚哩哇,NA,口,RRR
嗚嗚啦,NA,口,RRR
噹噹哐,NA,口,RRR
噼呀嗒,NA,口,RRR
噼呀嘰,NA,口,RRR
噼哩叭,NA,口,RRR
噼噼啪,NA,口,RRR
崩登倉,NA,NA,RRR
布谷布,NA,NA,RRR
忒兒嘍嘍,NA,NA,RRR
提提嗒,NA,NA,RRR
擦呀擦,NA,NA,RRR
當當丁,NA,NA,RRR
砰啊磅,NA,NA,RRR
谷布谷,NA,NA,RRR
趿趿拉,NA,NA,RRR
踢踢嗒,NA,NA,RRR
鏜啷鏜,NA,NA,RRR
鼓隆冬,NA,NA,RRR
丁丁當當,NA,NA,RRRR
丁丁董董,NA,NA,RRRR
丁冬丁冬,NA,NA,RRRR
丁當丁當,NA,NA,RRRR
丁零丁零,NA,NA,RRRR
丁零當啷,NA,NA,RRRR
丁零當郎,NA,NA,RRRR
七嗵咕冬,NA,NA,RRRR
乒乒乓乓,NA,NA,RRRR
乒乓乒乓,NA,NA,RRRR
乒令乓瑯,NA,NA,RRRR
乒當乓當,NA,NA,RRRR
乞抽扢叉,NA,NA,RRRR
令台令台,NA,NA,RRRR
伊哩烏蘆,NA,NA,RRRR
伶伶朗朗,NA,NA,RRRR
作作索索,NA,NA,RRRR
倉倉慶倉,NA,NA,RRRR
克丁丁當,NA,NA,RRRR
冬冬當當,NA,NA,RRRR
刮刮匝匝,NA,NA,RRRR
刮刮咂咂,NA,NA,RRRR
刮刮桚桚,NA,NA,RRRR
刮刮雜雜,NA,NA,RRRR
刷拉刷拉,NA,NA,RRRR
刺溜刺溜,NA,NA,RRRR
剌登哩登,NA,NA,RRRR
剔流秃魯,NA,NA,RRRR
剝格剝格,NA,NA,RRRR
劈劈啪啪,NA,NA,RRRR
劈劈拍拍,NA,NA,RRRR
劈咧啪啦,NA,NA,RRRR
劈哩叭啦,NA,NA,RRRR
劈哩啪啦,NA,NA,RRRR
劈哩扑嚕,NA,NA,RRRR
劈啦劈啦,NA,NA,RRRR
劈嗒拍嗒,NA,NA,RRRR
劈通扑通,NA,NA,RRRR
劈里啪啦,NA,NA,RRRR
卜卜赤赤,NA,NA,RRRR
卡嚓卡嚓,NA,NA,RRRR
卡拉卡拉,NA,NA,RRRR
卡搭卡搭,NA,NA,RRRR
取律律律,NA,NA,RRRR
叩叩篤篤,NA,NA,RRRR
叭吧叭吧,NA,口,RRRR
叭啦叭啦,NA,口,RRRR
叮叮咚咚,NA,口,RRRR
叮叮咣咣,NA,口,RRRR
叮叮噹噹,NA,口,RRRR
叮叮當當,NA,口,RRRR
叮咚叮咚,NA,口,RRRR
叮咚玲咚,NA,NA,RRRR
叮當叮當,NA,NA,RRRR
叮硼叮硼,NA,NA,RRRR
叮鈴叮鈴,NA,NA,RRRR
叮鈴噹啷,NA,NA,RRRR
吉丁丁當,NA,NA,RRRR
吧咂吧咂,NA,口,RRRR
吧唧吧唧,NA,口,RRRR
吧喇吧喇,NA,口,RRRR
吧嗒吧嗒,NA,口,RRRR
吭吃吭吃,NA,口,RRRR
吭吭哈哈,NA,口,RRRR
吭吭哧哧,NA,口,RRRR
吭吭嚓嚓,NA,口,RRRR
吭哧吭哧,NA,口,RRRR
吱吱吜吜,NA,口,RRRR
吱吱呀呀,NA,口,RRRR
吱吱啾啾,NA,口,RRRR
吱吱喳喳,NA,口,RRRR
吱吱嘎嘎,NA,口,RRRR
吱吱格格,NA,NA,RRRR
吱呀吱呀,NA,口,RRRR
吱哩哇啦,NA,口,RRRR
吱哩喳啦,NA,口,RRRR
吱喲吱喲,NA,口,RRRR
吱嘎吱嘎,NA,口,RRRR
吱扭吱扭,NA,NA,RRRR
吵吵囔囔,NA,口,RRRR
吸溜吸溜,NA,NA,RRRR
吸里忽剌,NA,NA,RRRR
吾哩哇啦,NA,口,RRRR
呢呢喃喃,NA,口,RRRR
呦呦詵詵,NA,口,RRRR
呯嗵呯嗵,NA,口,RRRR
呱呀呱呀,NA,口,RRRR
呱唧呱唧,NA,口,RRRR
呱唧呱啦,NA,口,RRRR
呱啦呱啦,NA,口,RRRR
呱嗒呱嗒,NA,口,RRRR
呱噠呱噠,NA,口,RRRR
呲呲啦啦,NA,口,RRRR
呲啦呲啦,NA,口,RRRR
呼吃呼吃,NA,口,RRRR
呼呼哧哧,NA,口,RRRR
呼呼嚕嚕,NA,口,RRRR
呼呼淅淅,NA,口,RRRR
呼哧呼哧,NA,口,RRRR
呼哩呼嚕,NA,口,RRRR
呼啦呼啦,NA,口,RRRR
呼嗤呼嗤,NA,口,RRRR
呼嚕呼嚕,NA,口,RRRR
呼拉呼拉,NA,NA,RRRR
呼碌呼碌,NA,NA,RRRR
呼隆呼隆,NA,NA,RRRR
咇咇剝剝,NA,NA,RRRR
咈咈哧哧,NA,口,RRRR
咈哧咈哧,NA,口,RRRR
咋咋呼呼,NA,口,RRRR
咋咋唬唬,NA,口,RRRR
咔咔嚓嚓,NA,口,RRRR
咔啦咔啦,NA,口,RRRR
咔噔咔噔,NA,口,RRRR
咕冬咕冬,NA,NA,RRRR
咕吐咕吐,NA,口,RRRR
咕吱咕吱,NA,口,RRRR
咕咕吃吃,NA,口,RRRR
咕咕呱呱,NA,口,RRRR
咕咕咚咚,NA,口,RRRR
咕咕唧唧,NA,口,RRRR
咕咕噥噥,NA,口,RRRR
咕咕嚕嚕,NA,口,RRRR
咕咕隆隆,NA,NA,RRRR
咕咚咕咚,NA,口,RRRR
咕哇咕哇,NA,口,RRRR
咕哩咕咚,NA,口,RRRR
咕唧咕唧,NA,口,RRRR
咕啊呱啊,NA,口,RRRR
咕啊嘎啊,NA,口,RRRR
咕啷咕啷,NA,口,RRRR
咕嗒咕嗒,NA,口,RRRR
咕嘍咕嘍,NA,口,RRRR
咕嘟咕嘟,NA,口,RRRR
咕嘰咕嘰,NA,口,RRRR
咕噔咕噔,NA,口,RRRR
咕噠咕噠,NA,口,RRRR
咕嚕咕嚕,NA,口,RRRR
咕嚕嚕嚕,NA,口,RRRR
咕里呱啦,NA,NA,RRRR
咕隆咕隆,NA,NA,RRRR
咕隆鼓隆,NA,NA,RRRR
咚咚鏘鏘,NA,NA,RRRR
咚當咚當,NA,NA,RRRR
咣咣當當,NA,NA,RRRR
咣噹咣噹,NA,口,RRRR
咣當咣當,NA,NA,RRRR
咦咦嗡嗡,NA,口,RRRR
咪嗚咪嗚,NA,口,RRRR
咭吱咯吱,NA,口,RRRR
咭咭刮刮,NA,NA,RRRR
咭咭吱吱,NA,口,RRRR
咭咭呱呱,NA,口,RRRR
咭咭呷呷,NA,NA,RRRR
咭咭咕咕,NA,口,RRRR
咭咭咯咯,NA,口,RRRR
咭咭嘎嘎,NA,口,RRRR
咭咭巴巴,NA,NA,RRRR
咭唎呱囉,NA,口,RRRR
咭嘎咭嘎,NA,口,RRRR
咭里咕嚕,NA,NA,RRRR
咭里咣啷,NA,NA,RRRR
咭里扎啦,NA,NA,RRRR
咯叭咯叭,NA,口,RRRR
咯吱咯吱,NA,口,RRRR
咯咚咯咚,NA,口,RRRR
咯咯嗒嗒,NA,口,RRRR
咯咯噔噔,NA,口,RRRR
咯咯噠噠,NA,口,RRRR
咯咯羅羅,NA,NA,RRRR
咯啦咯啦,NA,口,RRRR
咯嘣咯嘣,NA,口,RRRR
咯噔咯噔,NA,口,RRRR
咯㘕咯㘕,NA,NA,RRRR
咯當咯當,NA,NA,RRRR
咯碌咯碌,NA,NA,RRRR
咿呀咿呀,NA,口,RRRR
咿咿呀呀,NA,口,RRRR
咿咿唔唔,NA,口,RRRR
咿咿啞啞,NA,口,RRRR
咿咿宛宛,NA,NA,RRRR
咿啞咿啞,NA,口,RRRR
咿嚦嗚剌,NA,口,RRRR
哇哈哈哈,NA,口,RRRR
哇哩哇啦,NA,口,RRRR
哇啦哇啦,NA,口,RRRR
哇喇哇喇,NA,口,RRRR
哇嗚哇嗚,NA,口,RRRR
哈哧哈哧,NA,口,RRRR
哐哐當當,NA,NA,RRRR
哐哧哐哧,NA,口,RRRR
哐哩哐當,NA,NA,RRRR
哐噹哐噹,NA,口,RRRR
哐當哐當,NA,NA,RRRR
哐當當當,NA,NA,RRRR
哦嘎哦嘎,NA,口,RRRR
哧哧哈哈,NA,口,RRRR
哧哧溜溜,NA,NA,RRRR
哧唿哧唿,NA,口,RRRR
哧啦哧啦,NA,口,RRRR
哧溜哧溜,NA,NA,RRRR
哩哩啦啦,NA,口,RRRR
哩哩嚕嚕,NA,口,RRRR
哩哩囉嗦,NA,口,RRRR
哩哩羅羅,NA,NA,RRRR
哼哧哼哧,NA,口,RRRR
哼哼呵呵,NA,口,RRRR
哼哼哈哈,NA,口,RRRR
哼哼哧哧,NA,口,RRRR
哼哼唧唧,NA,口,RRRR
哼哼啊啊,NA,口,RRRR
哼嗐哼嗐,NA,口,RRRR
哼阿哼阿,NA,NA,RRRR
哽吱哽吱,NA,口,RRRR
哽哽咽咽,NA,口,RRRR
唏哩嘩啦,NA,口,RRRR
唏哩嘩啷,NA,口,RRRR
唏唎嘩喇,NA,NA,RRRR
唏唏呼呼,NA,口,RRRR
唏唏哈哈,NA,口,RRRR
唏唏噓噓,NA,口,RRRR
唏啷嘩啷,NA,口,RRRR
唏𠺕嘩喇,NA,NA,RRRR
唔唔呀呀,NA,口,RRRR
唔理哇啦,NA,口,RRRR
唧叮咕咚,NA,口,RRRR
唧吱咯吱,NA,口,RRRR
唧咕唧咕,NA,口,RRRR
唧咚咕咚,NA,口,RRRR
唧唧吱吱,NA,口,RRRR
唧唧呱呱,NA,口,RRRR
唧唧咕咕,NA,口,RRRR
唧唧啾啾,NA,口,RRRR
唧唧喳喳,NA,口,RRRR
唧唧嘎嘎,NA,口,RRRR
唧唧噥噥,NA,口,RRRR
唧唧知知,NA,NA,RRRR
唧唧鴨鴨,NA,NA,RRRR
唧噔咯噔,NA,口,RRRR
唧噔嘎噔,NA,口,RRRR
唧拉查啦,NA,NA,RRRR
唧里唧拉,NA,NA,RRRR
𠳭嚓𠳭嚓,NA,口,RRRR
唯唯諾諾,NA,NA,RRRR
唰拉唰拉,NA,NA,RRRR
啛啛唧唧,NA,口,RRRR
啪啦啪啦,NA,口,RRRR
啪嗒啪嗒,NA,口,RRRR
啪噠啪噠,NA,口,RRRR
啵哆啵哆,NA,口,RRRR
啾啾唧唧,NA,口,RRRR
喀喀嚓嚓,NA,口,RRRR
喃喃吶吶,NA,口,RRRR
喃喃咄咄,NA,口,RRRR
喃喃篤篤,NA,NA,RRRR
喃喃訥訥,NA,NA,RRRR
喇喇嗹嗹,NA,口,RRRR
喔哧喔哧,NA,口,RRRR
喳叭喳叭,NA,口,RRRR
喳啦喳啦,NA,口,RRRR
喳喳切切,NA,NA,RRRR
喳喳呼呼,NA,口,RRRR
喳喳啦啦,NA,口,RRRR
喳達喳達,NA,NA,RRRR
嗖嗖吱吱,NA,口,RRRR
嗗碌嗗碌,NA,NA,RRRR
嗚呀嗚呀,NA,口,RRRR
嗚哇嗚哇,NA,口,RRRR
嗚哈哈哈,NA,口,RRRR
嗚哈嗚哈,NA,口,RRRR
嗚哩嗚啦,NA,口,RRRR
嗚嗚呀呀,NA,口,RRRR
嗚嗚咽咽,NA,口,RRRR
嗚嗚哇哇,NA,口,RRRR
嗚嗚哐當,NA,NA,RRRR
嗚嗚啕啕,NA,口,RRRR
嗚嗚囔囔,NA,口,RRRR
嗚嚕嗚嚕,NA,口,RRRR
嗚隆嗚隆,NA,NA,RRRR
嗞啦嗞啦,NA,口,RRRR
嗡嗡嚶嚶,NA,口,RRRR
嗡嗡揚揚,NA,NA,RRRR
嗡嗡營營,NA,NA,RRRR
嗤啦嗤啦,NA,口,RRRR
嗬囉嗬囉,NA,口,RRRR
嗯嗯啊啊,NA,口,RRRR
嗶哩啪啦,NA,口,RRRR
嗶𠺣嗶𠺣,NA,口,RRRR
嗶嗶剝剝,NA,NA,RRRR
嗶嗶卟卟,NA,口,RRRR
嗶嗶𠺣𠺣,NA,口,RRRR
嗶里嗶里,NA,NA,RRRR
嘀哩嘀哩,NA,口,RRRR
嘀哩嘀啦,NA,口,RRRR
嘀嗒嘀嗒,NA,口,RRRR
嘀嘀冬冬,NA,NA,RRRR
嘀嘀吧吧,NA,口,RRRR
嘀嘀咕咕,NA,口,RRRR
嘀嘀嗒嗒,NA,口,RRRR
嘀嘀嘟嘟,NA,口,RRRR
嘀嘀噔噔,NA,口,RRRR
嘀噔嘀噔,NA,口,RRRR
嘀嚕嘟嚕,NA,口,RRRR
嘀得嘀得,NA,NA,RRRR
嘀拉噠啦,NA,NA,RRRR
嘀里多落,NA,NA,RRRR
嘁哩喀喳,NA,口,RRRR
嘁喳嘁喳,NA,口,RRRR
嘁嘁咻咻,NA,口,RRRR
嘁嘁喳喳,NA,口,RRRR
嘁嘁嘈嘈,NA,口,RRRR
嘁嘁嚓嚓,NA,口,RRRR
嘈嘈切切,NA,NA,RRRR
嘈嘈雜雜,NA,NA,RRRR
嘎叭嘎叭,NA,口,RRRR
嘎吧嘎吧,NA,口,RRRR
嘎吱嘎吱,NA,口,RRRR
嘎啷嘎啷,NA,口,RRRR
嘎喳嘎喳,NA,口,RRRR
嘎嗒嘎嗒,NA,口,RRRR
嘎嘎喳喳,NA,口,RRRR
嘎嘎噔噔,NA,口,RRRR
嘎嘣嘎嘣,NA,口,RRRR
嘎噔嘎噔,NA,口,RRRR
嘎崩嘎崩,NA,NA,RRRR
嘎得嘎得,NA,NA,RRRR
嘓嘟嘟嘟,NA,口,RRRR
嘖嘖喳喳,NA,口,RRRR
㗭㗭嗦嗦,NA,口,RRRR
嘟嘟噥噥,NA,口,RRRR
嘟嘟囔囔,NA,口,RRRR
嘟嘟念念,NA,NA,RRRR
嘟噠嘟噠,NA,口,RRRR
嘟嚕嘟嚕,NA,口,RRRR
嘩哩咣啷,NA,口,RRRR
嘩哩嘩啦,NA,口,RRRR
嘩哩嘩啷,NA,口,RRRR
嘩啦啦啦,NA,口,RRRR
嘩啦嘩啦,NA,口,RRRR
嘩啷嘩啷,NA,口,RRRR
嘩喇嘩喇,NA,口,RRRR
嘩嘩剝剝,NA,NA,RRRR
嘩嘩啦啦,NA,口,RRRR
嘩嘩拉拉,NA,NA,RRRR
嘭咚嘭咚,NA,口,RRRR
嘭嘭啪啪,NA,口,RRRR
嘮嘮叨叨,NA,口,RRRR
嘰咕嘰咕,NA,口,RRRR
嘰哩呱啦,NA,口,RRRR
嘰哩呱嚕,NA,口,RRRR
嘰哩咕㖨,NA,口,RRRR
嘰哩咕嚕,NA,口,RRRR
嘰啾嘰啾,NA,口,RRRR
嘰喳嘰喳,NA,口,RRRR
嘰嘰呱呱,NA,口,RRRR
嘰嘰咕咕,NA,口,RRRR
嘰嘰喳喳,NA,口,RRRR
嘰嘰嘎嘎,NA,口,RRRR
嘰里呱啦,NA,NA,RRRR
嘰里咕㖨,NA,NA,RRRR
嘰里咕嚕,NA,NA,RRRR
嘶嘶啦啦,NA,口,RRRR
嘶沙嘶沙,NA,NA,RRRR
嘻呼嘻呼,NA,口,RRRR
嘻哩哈啦,NA,口,RRRR
嘻唎嘩喇,NA,口,RRRR
嘻嘻哈哈,NA,口,RRRR
嘿兒嘿兒,NA,NA,RRRR
噌噌沙沙,NA,NA,RRRR
噔咚扎咶,NA,NA,RRRR
噔愣噔愣,NA,NA,RRRR
噗咚噗咚,NA,口,RRRR
噗喇噗喇,NA,口,RRRR
噗嘎嘟嘟,NA,口,RRRR
噗噗咚咚,NA,口,RRRR
噗嚓噗嚓,NA,口,RRRR
噗嚕噗嚕,NA,口,RRRR
噗得噗得,NA,NA,RRRR
噗通噗通,NA,NA,RRRR
噝啞噝啞,NA,口,RRRR
噝噝啦啦,NA,口,RRRR
噝拉噝拉,NA,NA,RRRR
噝留噝留,NA,NA,RRRR
噪噪切切,NA,NA,RRRR
噫嘻嘻嘻,NA,口,RRRR
噹啷噹啷,NA,口,RRRR
噼呀噼呀,NA,口,RRRR
噼哩啪啦,NA,口,RRRR
噼啪噼啪,NA,口,RRRR
噼嗒噼嗒,NA,口,RRRR
噼噼叭叭,NA,口,RRRR
噼噼啪啪,NA,口,RRRR
噼里啪啦,NA,NA,RRRR
嚌嚌嘈嘈,NA,口,RRRR
嚶嚶嗡嗡,NA,口,RRRR
嚶嚶翁翁,NA,NA,RRRR
囁囁嚅嚅,NA,口,RRRR
囉哩叭嗦,NA,口,RRRR
失流疏剌,NA,NA,RRRR
失留屑剌,NA,NA,RRRR
失留疏剌,NA,NA,RRRR
妙嗚妙嗚,NA,NA,RRRR
孔咚孔咚,NA,NA,RRRR
孤咕孤咕,NA,NA,RRRR
尼亞尼亞,NA,NA,RRRR
屑屑索索,NA,NA,RRRR
布布谷谷,NA,NA,RRRR
幫啷幫啷,NA,NA,RRRR
幫郎幫郎,NA,NA,RRRR
幽幽咽咽,NA,NA,RRRR
幾里咕嚕,NA,NA,RRRR
幾里拉喳,NA,NA,RRRR
廝琅琅湯,NA,NA,RRRR
必力不剌,NA,NA,RRRR
必律不剌,NA,NA,RRRR
必必剝剝,NA,NA,RRRR
必溜不剌,NA,NA,RRRR
必留不剌,NA,NA,RRRR
忒楞楞騰,NA,NA,RRRR
忽忽嚕嚕,NA,NA,RRRR
忽搭忽搭,NA,NA,RRRR
忽隆忽隆,NA,NA,RRRR
怕呀怕呀,NA,NA,RRRR
恩恩烏烏,NA,NA,RRRR
悉悉沙沙,NA,NA,RRRR
扑哧扑哧,NA,NA,RRRR
扑哩扑啦,NA,NA,RRRR
扑哩扑通,NA,NA,RRRR
扑嗤扑嗤,NA,NA,RRRR
扑嗵扑嗵,NA,NA,RRRR
扑嚓扑嚓,NA,NA,RRRR
扑嚕扑嚕,NA,NA,RRRR
扑扑拉拉,NA,扌,RRRR
扑扑通通,NA,NA,RRRR
扑打扑打,NA,扌,RRRR
扑拉扑拉,NA,扌,RRRR
扑落扑落,NA,NA,RRRR
扑踏扑踏,NA,NA,RRRR
扑蹬扑蹬,NA,NA,RRRR
扑通扑通,NA,NA,RRRR
扑騰扑騰,NA,NA,RRRR
抽抽咽咽,NA,NA,RRRR
抽抽噎噎,NA,NA,RRRR
抽抽搭搭,NA,扌,RRRR
撕撕巴巴,NA,NA,RRRR
支楞支楞,NA,NA,RRRR
支楞楞爭,NA,NA,RRRR
昔留係零,NA,NA,RRRR
杭育杭育,NA,NA,RRRR
格噔格噔,NA,NA,RRRR
格拉格拉,NA,NA,RRRR
槭槭楂楂,NA,木,RRRR
沙啦沙啦,NA,NA,RRRR
沙噠沙噠,NA,NA,RRRR
沙棱沙棱,NA,NA,RRRR
沙沙啦啦,NA,NA,RRRR
淅淅沙沙,NA,氵,RRRR
淅淅瀝瀝,NA,氵,RRRR
淅淅颯颯,NA,NA,RRRR
淅溜淅冽,NA,NA,RRRR
淅瀝淅瀝,NA,氵,RRRR
淅留淅零,NA,NA,RRRR
淅零淅留,NA,NA,RRRR
淙淙潺潺,NA,氵,RRRR
滴咚滴咚,NA,NA,RRRR
滴嗒滴嗒,NA,NA,RRRR
滴滴咕咕,NA,NA,RRRR
滴滴嗒嗒,NA,NA,RRRR
滴滴噠噠,NA,NA,RRRR
滴滴搭搭,NA,NA,RRRR
滴滴淅淅,NA,氵,RRRR
滴滴溜溜,NA,氵,RRRR
滴滴答答,NA,NA,RRRR
滴滴鈴鈴,NA,NA,RRRR
滴答滴答,NA,NA,RRRR
滴里搭拉,NA,NA,RRRR
滴里瓜拉,NA,NA,RRRR
滴里都嚕,NA,NA,RRRR
滴鈴鈴鈴,NA,NA,RRRR
澎澎魄魄,NA,NA,RRRR
瀝瀝拉拉,NA,NA,RRRR
瀝瀝淅淅,NA,氵,RRRR
營營嗡嗡,NA,NA,RRRR
玎玎璫璫,NA,王,RRRR
玎玲玎玲,NA,王,RRRR
玲玲瓏瓏,NA,王,RRRR
琤琤琮琮,NA,王,RRRR
琮琮玲玲,NA,王,RRRR
畢畢剝剝,NA,NA,RRRR
畢畢啪啪,NA,NA,RRRR
畢裡拍拉,NA,NA,RRRR
當啷嘩啦,NA,NA,RRRR
當啷當啷,NA,NA,RRRR
當當丁丁,NA,NA,RRRR
的嗒的嗒,NA,NA,RRRR
砰砰叭叭,NA,NA,RRRR
硌吱硌吱,NA,NA,RRRR
稀哩嘩啦,NA,NA,RRRR
稀哩轟隆,NA,NA,RRRR
稀里嘩啦,NA,NA,RRRR
稀里轟龍,NA,NA,RRRR
窸窣窸窣,NA,穴,RRRR
窸窸窣窣,NA,穴,RRRR
窸窸索索,NA,NA,RRRR
簌簌落落,NA,NA,RRRR
紛紛囔囔,NA,NA,RRRR
胡魯胡魯,NA,NA,RRRR
胳肢胳察,NA,NA,RRRR
膈膈膊膊,NA,月,RRRR
花啦花啦,NA,NA,RRRR
花拉花拉,NA,NA,RRRR
蓬蓬鐺鐺,NA,NA,RRRR
蕭蕭瑟瑟,NA,NA,RRRR
蕭蕭颯颯,NA,NA,RRRR
豁啷豁啷,NA,NA,RRRR
趿拉趿拉,NA,NA,RRRR
趿趿拉拉,NA,NA,RRRR
踢踏踢踏,NA,足,RRRR
踢踢打打,NA,NA,RRRR
踢踢踏踏,NA,足,RRRR
踢通踢通,NA,NA,RRRR
轟轟烈烈,NA,NA,RRRR
轟轟隆隆,NA,NA,RRRR
轟轟龍隆,NA,NA,RRRR
轟隆轟隆,NA,NA,RRRR
辟留扑碌,NA,NA,RRRR
辟辟啪啪,NA,NA,RRRR
辟里拨剌,NA,NA,RRRR
通哐通哐,NA,NA,RRRR
達滴達滴,NA,NA,RRRR
釘噹釘噹,NA,NA,RRRR
釘釘鐺鐺,NA,金,RRRR
鈴鐺鈴鈴,NA,金,RRRR
鈴鐺鈴鐺,NA,金,RRRR
錚光瓦亮,NA,NA,RRRR
錚錚淙淙,NA,金,RRRR
錚錚琮琮,NA,金,RRRR
鏘鏘朗朗,NA,NA,RRRR
鏜啷啷啷,NA,NA,RRRR
鏜啷鏜啷,NA,NA,RRRR
鏦鏦錚錚,NA,金,RRRR
隱隱轟轟,NA,NA,RRRR
鞺鞺鞳鞳,NA,革,RRRR
颼颼殺殺,NA,NA,RRRR
骨哩骨咚,NA,NA,RRRR
骨嘟骨嘟,NA,NA,RRRR
骨碌吧唧,NA,NA,RRRR
骨碌骨碌,NA,NA,RRRR
骨魯骨魯,NA,NA,RRRR
得龍得龍咚,NA,NA,RRRRR
落落落落噓,NA,NA,RRRRR
呼嚕咕咚嗚隆,NA,NA,RRRRRR
嗒焉,口,口,YAN
荅焉,NA,艹,YAN
