n,type,item,meaning,example,ch1,ch2
2,not,中聲,1.中和之聲。 ; 2.指五音中的商聲。,《左傳‧昭公元年》： “先王之樂， 所以節百事也， 故有五節， 遲速本末以相及， 中聲以降， 五降之後， 不容彈矣。” ;   宋 沈括 《夢溪筆談‧樂律一》： “宮生徵， 徵生商， 商生羽， 羽生角， 故商為中聲。”,中,聲
1,ideo,乜,4.象聲詞， 形容哭聲。,《兒女英雄傳》第五回： “只急得他滿頭是汗……倒抽口涼氣， ‘乜’的一聲撇了酥兒了。”,乜,乜
2,not,亮節,1.高亢之聲。,晉 陸機 《猛虎行》： “急絃無懦響， 亮節難為音。”,亮,節
2,ideo,伊吾,1.象聲詞。 讀書聲。,宋 黃庭堅 《考試局與孫元忠博士竹間對窗夜聞元忠誦書聲調悲壯戲作竹枝歌三章和之》： “南窗讀書聲伊吾， 北窗見月歌竹枝。”,伊,吾
2,ideo,低啞,1.象聲詞。 形容門開合之聲。,金 董解元 《西廂記諸宮調》卷一： “本待欲睡， 忽聽得櫳門兒低啞。”,低,啞
2,ideo,促促,6.象聲詞。 蟲鳴聲。  ; 7.象聲詞。 機杼聲。  ; 8.象聲詞。 沙上急走聲。,唐 王建 《當窗織》詩： “草蟲促促機下啼， 兩日催成一匹半。” ;   宋 梅堯臣 《促織》詩： “札札草間鳴， 促促機上聲。” ;   唐 李賀 《黃家洞》詩： “雀步蹙沙聲促促， 四尺角弓青石鏃。”,促,促
2,ideo,修修,4.象聲詞， 形容風雨聲。,宋 徐鉉《題梁王舊園》詩： “樹倚荒臺風淅淅， 草埋攲石雨修修。”,修,修
2,ideo,修然,2.形容水聲。,宋 梅堯臣 《擊甌賦》： “而又冰質瑩然， 水聲修然， 度曲泠然， 入耳瀏然。”修， 一本作“ 脩 ”。,修,然
2,ideo,側側,3.象聲詞。 嘆息聲。,《樂府詩集‧橫吹曲辭五‧地驅歌樂辭》： “側側力力， 念君無極。”,側,側
4,ideo,內視反聽,2.古代養生之道。 亦為道家修煉內丹功夫。 謂眼不觀外界之物， 耳不聽外界之聲。,三國 魏 嵇康 《答難養生論》： “若比之於內視反聽， 愛氣嗇精；明白四達， 而無執無為；遺世坐忘， 以寶性全真；吾所不能同也。”,內,聽
2,ideo,冰泉,2.清泉。 常用其聲形容琴聲。,唐 元稹 《五弦彈》詩： “風入春松正凌亂， 鶯含曉舌憐嬌妙。 嗚嗚暗溜咽冰泉， 殺殺霜刀澀寒鞘。”,冰,泉
2,ideo,出出,1.象聲詞。 驚怪聲；磨擦聲；嘻笑聲。,《左傳‧襄公三十年》： “或叫於 宋 大廟， 曰： ‘譆譆， 出出。 ’” 元 錢霖 《哨遍》套曲： “桌椅每都出出的走。”,出,出
2,ideo,刁調,2.形容風聲。,清 梅曾亮 《陳石士先生文》： “波水四伏， 山聲刁調。”參見“ 刁刁 ”。,刁,調
2,ideo,列列,5.象聲詞。 樂器聲。,《樂府詩集‧北齊文武舞歌‧文舞階步辭》： “鏘鏘金石， 列列匏絲。”,列,列
2,ideo,剌剌,1.象聲詞。 狀風聲。 ; 2.象聲詞。 狀拍擊、破裂聲。,唐 李商隱 《送李千牛李將軍越闕五十韻》： “去程風剌剌， 別夜漏丁丁。” ;   元 喬吉 《梁州第七‧射雁》套曲： “諕得這鸂鶒兒連忙向敗荷裏串， 血模糊翅搧， 撲剌剌可憐。”,剌,剌
2,ideo,剝啄,1.象聲詞。 敲門或下棋聲。,宋 蘇軾 《次韻趙令鑠惠酒》： “門前聽剝啄， 烹魚得尺素。”,剝,啄
1,ideo,劈,8.象聲詞。 形容拍擊、爆裂之聲。,《初刻拍案驚奇》卷二二： “ 七郎 看見了這個光景， 心頭已自劈劈地跳個不住。”,劈,劈
2,ideo,力力,1.象聲詞。 嘆息聲。,《晉書‧五行志中》： “ 明帝 太寧 初， 童謠曰： ‘惻惻力力， 放馬山側。 大馬死， 小馬餓。 高山崩， 石自破。 ’” 唐 李紳 《聞里謠效古歌》： “惡聲主吏噪爾門， 唧唧力力烹雞豚。”,力,力
3,ideo,勿勿勿,1.象聲詞。 笑聲。 ; 2.象聲詞。 噓寒聲。,元 關漢卿 《望江亭》第三摺： “\\[衙內做喜科云\\]勿勿勿。” ;   元 無名氏 《凍蘇秦》第二摺： “待不去來， 則這裏， 勿勿勿， 風共雪， 相摧逼。”,勿,勿
2,ideo,即即,2.鳳鳥鳴聲。,漢 王充 《論衡‧講瑞》： “雄曰鳳， 雌曰皇。 雄鳴曰即即， 雌鳴曰足足。”,即,即
2,ideo,吐嚕,3.象聲詞。 多形容子彈連梭發射聲。 亦指子彈連梭發射。,峻青 《海嘯》第四章： “ 小馬 高高地擎着他的大肚匣子說： ‘滿滿一梭子子彈， 全都吐嚕在了那老狗的身上。 ’”,吐,嚕
2,not,吠聲,1.指狗叫聲。,《淮南子‧泰族訓》： “吠聲清於耳， 兼味快於口。”,吠,聲
2,ideo,吧嗒,1.雙唇開合作聲。 形容說話。,NA,吧,嗒
2,ideo,吱咕,2.象聲詞。 形容物體的轉動摩擦聲。,趙樹理 《三里灣》九： “她用索頭套上了水桶， 吱咕吱咕一氣絞了兩桶水， 擔起來往回走。”,吱,咕
1,ideo,吷,1.鳥叫聲。,《集韻‧入屑》： “吷， 鳥聲。”,吷,吷
1,ideo,吸,8.象聲詞。 形容笑聲。,金 董解元 《西廂記諸宮調》卷五： “ 紅娘 聞語， 吸地笑道： ‘一言賴語， 都是二四。 ’” 元 張鳴善 《普天樂‧贈妓》曲： “見人便厭的拜， 忽的羞， 吸的笑。”,吸,吸
1,ideo,吹,3.管樂之聲。,南朝 梁 丘遲 《侍宴樂游苑》詩： “詰旦閶闔開， 馳道聞鳳吹。”,吹,吹
2,not,吹銅,2.指所吹律管之聲。,唐 李純 《冊遂王為皇太子文》： “ 遂王 恒 體乾降靈， 襲聖生德， 教深薀瑟， 氣叶吹銅。”,吹,銅
3,ideo,吻喇喇,2.象聲詞。 風聲。,《水滸傳》第九二回： “無移時那飛樓已被燒毀， 吻喇喇傾折下來。”,吻,喇
2,ideo,吽吽,1.牛鳴聲。,鄭振鐸 《埃娥》七： “ 埃娥 想大叫起來， 然而只是吽吽的幾聲牛鳴。”,吽,吽
2,ideo,呢喃,2.燕鳴聲。,五代 劉兼 《春燕》詩： “多時窗外語呢喃， 只要佳人捲繡簾。”,呢,喃
1,ideo,呣,2.象聲詞。 形容牛叫聲。,駱賓基 《寂寞》一： “偶爾還能聽見野外傳來的牛呣或羊咩聲。”,呣,呣
1,ideo,呦,1.象聲詞。 形容動物的叫聲。,宋 洪邁 《夷堅乙志‧韓氏放鬼》： “ 達 擊之， 甕即破， 乃一犬， 呦然而出。”,呦,呦
2,ideo,呦呦,1.象聲詞。 鹿鳴聲。 ; 2.象聲詞。 亦指小動物的叫聲。,《詩‧小雅‧鹿鳴》： “呦呦鹿鳴， 食野之苹。” ;   清 東軒主人 《述异記‧狐祟》： “狐呦呦有聲。”,呦,呦
2,ideo,呱呱,1.象聲詞。 形容小兒哭聲。,《書‧益稷》： “ 啟 呱呱而泣。”,呱,呱
1,ideo,呴,2.泛指鳥鳴聲。 參見“ 呴呴 ”。,IV,呴,呴
1,ideo,呵,6.笑聲。,宋 范成大 《春日覽鏡有感》詩： “烏兔兩惡劇， 不滿一笑呵。”參見“ 呵呵 ”。,呵,呵
2,ideo,呵呵,1.笑聲。,《晉書‧石季龍載記下》： “ 宣 乘素車， 從千人， 臨 韜 喪， 不哭， 直言呵呵， 使舉衾看屍， 大笑而去。”,呵,呵
1,ideo,呷,1.象聲詞。 鴨叫聲。 參見“ 呷呷 ”。  ; 2.象聲詞。 笑聲。 參見“ 呷呷 ”。,NA; NA,呷,呷
2,ideo,呷呷,1.象聲詞。 鴨叫聲。 ; 2.象聲詞。 笑聲。,《爾雅‧釋鳥》： “鴨鳴呷呷。” ;   元 鄭光祖 《老君堂》第三摺： “俺 秦王 聽罷呷呷笑， 縱馬掄刀， 垓心內顯耀英豪。”,呷,呷
2,ideo,呼鳴,2.指叫聲或響聲。,蔣光慈 《餘痛》詩： “海面如鏡也般的平， 也沒有浪的澎湃， 也沒有風的呼鳴。”,呼,鳴
2,ideo,咂咂,1.象聲詞。 指嘴在吮吸時發出的響聲。 ; 2.謂使嘴發出響聲。,晉 干寶 《搜神記》卷十七： “蛇來先聞臭氣， 便於鼻中入， 盤其頭中……聞其腦間食聲咂咂， 數日而出去。” ;   張天翼 《春風》： “有幾張臉上蒙着一副特別的神情－－巴望着發生一點什麼事， 有一個還很響地咂咂嘴。”,咂,咂
2,ideo,咄咄,1.感嘆聲。 表示感慨。 ; 2.感嘆聲。 表示責備或驚詫。  ; 3.呼驢馬等牲畜之聲。,《後漢書‧逸民傳‧嚴光》： “咄咄 子陵 ， 不可相助為理邪？” 晉 陸機 《東宮》詩： “冉冉逝將老， 咄咄奈老何！” 唐 李益 《北至太原》詩： “咄咄薄遊客， 斯言殊不刊。” ;   宋 無名氏 《异聞總錄》卷一： “﹝其姊﹞咄咄責妹曰： ‘何處無婚姻， 必欲與我共一婿？’” ;   明 顧起元 《客座贅語‧鳥獸呼音》： “留都呼馬騾驢曰咄咄。”,咄,咄
2,ideo,咆哮,3.謂風浪、雷雨或炮彈等發出呼嘯轟鳴聲。,《藝文類聚》卷八引 晉 庾闡 《涉江賦》： “排巖拒瀨， 觸石興濤， 澎湃洗淠， 鬱怒咆哮。”,咆,哮
1,ideo,咋,2.應答之聲。,洪深 《趙閻王》第一幕： “營長： ‘去回排長 王老爺 ……教他們別散， 我還要翻本， 我就來！’ 小馬 \\[門外應\\]： ‘咋！’”,咋,咋
2,ideo,咕嘟,1.象聲詞。 多用以形容液體沸騰、涌出或大口喝水聲。,老舍 《趙子曰》第三： “一鍋白薯， 煮着咕嘟咕嘟的冒着金圈銀眼的小氣泡。”,咕,嘟
1,ideo,咦,3.象聲詞。 形容哭聲。,柳青 《狠透鐵》： “他一邊啜泣一邊說： ‘咦咦咦， 咱沒站穩貧農的立場。 ’”,咦,咦
2,ideo,咪咪,1.象聲詞。 貓叫聲。 亦用以呼貓。,魯迅 《書信集‧致蕭軍、蕭紅》： “我就沒見過貓整天的在咪咪的叫的， 除了春天的或一時期之外。”,咪,咪
1,ideo,咭,1.象聲詞。 鳥叫聲。,魏巍 《山雨》： “誰知伸手一抓， 那惡鷹脖子挺起， 咭咭亂叫。”,咭,咭
1,ideo,咯,1.禽鳥鳴聲。,《集韻‧入鐸》： “咯， 雉聲。”,咯,咯
2,ideo,咯咯,1.象聲詞。 呃逆或咳痰等聲。 ; 2.象聲詞。 形容笑聲。  ; 3.象聲詞。 禽鳥鳴聲。,《水滸傳》第四回： “ 智深 到得禪床邊， 喉嚨裏咯咯地響， 看着地下便吐。” ;   老舍 《四世同堂》四四： “﹝ 招弟 ﹞咯咯的笑起來。” ;   艾蕪 《端陽節》九： “雞群嚇得來從草堆那邊， 飛上籬落， 跟着又‘咯咯’地叫着， 撲進菜園裏去。”,咯,咯
2,ideo,咯嗒,1.象聲詞。 雞叫聲。,靳惠新 張斌 《李二嫂改嫁》第三場： “你為啥這麼不正經， 引的那公雞亂咯嗒。”,咯,嗒
2,ideo,咯碌,1.象聲詞。 形容嘮叨聲。 ; 2.象聲詞。 呃逆之聲。,《何典》第三回： “若只管這等落水要命， 上岸要錢的鬼咯碌相罵， 連我也跼蹐不安了。” ; NA,咯,碌
2,ideo,咶喇,1.象聲詞。 形容風聲或撞擊聲。,《醒世恒言‧大樹坡義虎送親》： “只聽得林中咶喇的一陣怪風， 忽地跳出一隻弔睛白額虎。”,咶,喇
2,ideo,咶噠,1.象聲詞。 碰撞聲。,梁斌 《紅旗譜》三二： “那豬向門縫一鑽， 咶噠地把兩扇門碰翻。”,咶,噠
2,ideo,咻咻,2.形容各種聲響。 動物叫聲。  ; 3.形容各種聲響。 炮彈飛落聲。,聶紺弩 《仔狗》： “咬的時候， 口裏還咻咻地叫。” ;   夏衍 《法西斯細菌》第四幕： “最初是發炮的聲音， 接着是咻咻的炮彈擦過空氣的音響。”,咻,咻
2,ideo,咽咽,1.嗚咽哀切之聲。,唐 李賀 《傷心行》： “咽咽學 楚 吟， 病骨傷幽素。”,咽,咽
2,ideo,咿啞,1.象聲詞。 多形容物體轉動或搖動聲。 ; 2.象聲詞。 管弦聲。  ; 3.象聲詞。 小兒學語或低哭聲。,唐 李賀 《美人梳頭歌》： “轆轤咿啞轉鳴玉， 驚起芙蓉睡新足。” ;   清 陳維崧 《東風齊着力‧田家》詞： “叢祠畔， 絲管咿啞。” ;   宋 蘇軾 《中秋見月和子由》： “卷簾推戶寂無人， 窗下咿啞惟 楚老 （ 蘇軾 孫）。”,咿,啞
2,ideo,咿喔,1.象聲詞。 強笑聲。 ; 2.象聲詞。 禽鳥聲。  ; 3.象聲詞。 搖櫓聲。,唐 韓愈 孟郊 《納涼聯句》： “儒庠恣游息， 聖籍飽商搉。 危行無低徊， 正言免咿喔。” ;   唐 儲光羲 《射雉詞》： “遙聞咿喔聲， 時見雙飛起。” ;   宋 晁補之 《富春行贈范振》詩： “鼓聲鼕鼕櫓咿喔， 爭湊 富春 城下泊。”,咿,喔
2,ideo,咿嚘,1.象聲詞。 形容人嘆息、呻吟或吟詠聲。 ; 2.象聲詞。 雞鳴聲。  ; 3.象聲詞。 不清晰的人語聲。,唐 韓愈 《赴江陵途中寄贈翰林三學士》詩： “親逢道邊死， 佇立久咿嚘。” ;   唐 柳宗元 《吊屈原文》： “牝雞咿嚘兮， 孤雄束咮。” ; NA,咿,嚘
2,ideo,咿嚶,1.象聲詞。 鳥獸啼叫聲。 ; 2.象聲詞。 人低語、呻吟或吟唱聲。,宋 歐陽修 《祭石曼卿文》： “但見牧童樵叟歌吟而上下， 與夫驚禽駭獸悲鳴躑躅而咿嚶。” ;   宋 陸游 《枕上述夢》詩： “白首不侯非所恨， 咿嚶床簀死堪羞。”,咿,嚶
2,ideo,哀叫,2.指慘叫聲。,方志敏 《可愛的中國》： “每次打下去， 接着籐條竹片的着肉聲， 就是一陣‘痛喲’， 令人酸鼻的哀叫。”,哀,叫
1,ideo,哆,1.象聲詞。 形容敲擊聲。,《兒女英雄傳》第二三回： “ 張姑娘 含着笑， 皺着眉， 把兩隻小腳兒點的腳踏兒哆哆哆的亂響。”,哆,哆
1,ideo,哇,2.靡曼；靡曼的樂聲。  ; 4.象聲詞。 形容哭叫聲或鳥啼聲。,漢 揚雄 《法言‧吾子》： “中正則雅， 多哇則 鄭 。” ; 《二十年目睹之怪現狀》第十八回： “ 春蘭 在旁邊， 哇的一聲， 哭將起來。”,哇,哇
1,ideo,哈,4.笑聲。 參見“ 哈哈 ”。,NA,哈,哈
2,ideo,哈哈,1.大笑聲。,《水滸傳》第三一回： “ 武松 討面鏡子照了， 也自哈哈大笑起來。”,哈,哈
2,ideo,哈哧,2.象聲詞。 急促喘氣聲。,王福仲 《小虎子》： “他把通知交給了 劉隊長 ， 一屁股坐在椅子上， 張着大嘴哈哧哈哧直喘氣。”,哈,哧
4,ideo,哼哼唧唧,2.象聲詞。 形容病呻吟聲。,束為 《老長工》： “他哼哼唧唧爬起來， 兩手把臉抓破， 狗叫似地逃回村裏去了。”,哼,唧
1,ideo,唃,1.禽鳥的鳴聲。,NA,唃,唃
1,ideo,唉,1.應答之聲。,《莊子‧知北游》： “ 狂屈 曰： ‘唉， 予知之。 ’” 成玄英 疏： “唉， 應聲也。”參閱 章炳麟 《新方言‧釋詞》、 楊樹達 《長沙方言續考‧唉》。,唉,唉
2,ideo,唼喋,2.象聲詞。 魚和水鳥鵝鴨的吃食聲。,巴金 《家》二六： “水面上時時有魚的唼喋聲。”,唼,喋
2,ideo,啁啾,1.鳥鳴聲。 ; 2.形容小兒語聲。  ; 3.指多種樂器齊奏聲。,唐 王維 《黃雀痴》詩： “到大啁啾解游颺， 各自東西南北飛。” ;   清 蒲松齡 《聊齋志异‧夜叉國》： “又三年， 子女俱能行步。  ;   唐 杜甫 《渼陂行》： “鳧鷖散亂棹謳發， 絲管啁啾空翠來。”,啁,啾
2,ideo,啁譙,2.象聲詞。 鳥蟲鳴聲。,《荀子‧禮論》： “小者是燕爵猶有啁譙之頃焉， 然後能去之。”,啁,譙
1,ideo,啃,2.象聲詞。 咳嗽聲。,李劼人 《大波》第一部第九章： “﹝ 葉秉誠 ﹞一面用他那半嘶半啞的聲音提議說： ‘這不是小事， 的確該三思而後行……啃， 啃……依我愚見……啃， 啃……暫時壓一下。 ’”,啃,啃
2,ideo,啄啄,2.象聲詞。 叩門聲。,唐 韓愈 《剝啄行》： “剝剝啄啄， 有客至門。”,啄,啄
2,ideo,啞啞,1.象聲詞。 禽鳥鳴聲。 ; 2.象聲詞。 小兒語聲。  ; 3.象聲詞。 器物響聲。,漢 焦贛 《易林‧師之萃》： “鳧雁啞啞， 以水為家。” ;   唐 于鵠 《古詞》之二： “新長青絲髮， 啞啞言語黠。” ;   唐 劉言史 《買花謠》： “澆紅溼綠千萬家， 青絲玉轤聲啞啞。”,啞,啞
2,ideo,啾啾,1.象聲詞。 鳥獸蟲的鳴叫聲。 ; 2.象聲詞。 吹奏管樂聲。,《楚辭‧九歌》： “雷填填兮雨冥冥， 猿啾啾兮狖夜鳴。” ;   晉 潘岳 《閑居賦》： “管啾啾而並吹。”,啾,啾
2,ideo,喃喃,1.象聲詞。 低語聲。 ; 2.象聲詞。 讀書聲。  ; 3.象聲詞。 鳥啼聲。,《北史‧隋房陵王勇傳》： “﹝太子﹞乃向西北奮頭， 喃喃細語。” ;   唐 寒山 《詩》之二十： “下有斑白人， 喃喃讀 黃老 。” ;   前蜀 貫休 《讀＜吳越春秋＞》詩： “今日雄圖又何在， 野花香徑鳥喃喃。”,喃,喃
1,not,喜,3.通“ 嘻 ”。 笑聲。 參見“ 喜喜 ”。,NA,喜,喜
2,ideo,喜聲,1.報喜聲。 ; 2.歡呼之聲。,唐 姚合 《游春》詩之二： “好箇林間鵲， 今朝足喜聲。” ;   宋 楊萬里 《過呂城閘》詩： “纔聞開閘總驩欣， 第一牽夫有喜聲。”,喜,聲
1,ideo,喡,2.呼聲， 呼叫聲。,II,喡,喡
2,ideo,喳喳,1.形容鳥叫聲。 ; 3.形容嚼食聲。,宋 曾鞏 《聽鵲寄家人》詩： “鵲聲喳喳寧有知， 家人聽鵲占歸期。” ; 《十月》1981年第2期： “只聽得一片急促的喳喳嚼食聲， 每只鹿站立的姿勢久久不變。”,喳,喳
2,ideo,嗈嗈,1.鳥類和鳴聲。,《文選‧孫綽＜游天台山賦＞》： “覿翔鸞之裔裔， 聽鳴鳳之嗈嗈。”,嗈,嗈
2,ideo,嗚呼,4.象聲詞。 多用作哭聲或鳥鳴聲。,三國 魏 曹植 《平原懿公主誄》： “帝用吁嗟， 嗚呼失聲。”,嗚,呼
4,ideo,嗚哩哇啦,1.象聲詞。 多形容喧嚷聲。,《小說選刊》1981年第7期： “青年們嗚哩哇啦， 列舉了一河灘事實。”,嗚,啦
1,ideo,嗝,1.鳥獸鳴聲。 參見“ 嗝嗝 ”。,NA,嗝,嗝
2,ideo,嗝嗝,1.嘔吐聲。 ; 2.鳥獸鳴聲。,清 史夢蘭 《疊雅》卷十： “嗝嗝， 嘔也。” ;   清 黃鉞 《游黃山記》： “歸宿於山閣， 聞果子貍鳴嗝嗝， 如呼人聲。”,嗝,嗝
2,ideo,嗥鳴,2.指尖叫聲。 端木蕻良《遙遠的風沙》： “子彈無間斷的在我頭上飛馳過去， 發出慘厲的嗥鳴。”,NA,嗥,鳴
1,ideo,嗨,2.嘆詞。 用力時的呼喊聲。  ; 2.象聲詞。 笑聲。,老舍 《寶船》第一幕第二場： “\\[大螞蟻\\]來， 我幫你划船！(與 小二 分掌二槳)\\[ 王小二 \\]好， 一－－二！嗨！” ;   周而復 《上海的早晨》第四部四四： “還有 慕韓 老弟呢？可別忘記他是合營工作組的組長呀， 真正包船的是他， 我們不過是普通乘客罷了， 嗨嗨。”,嗨,嗨
2,ideo,嗷嗷,1.哀鳴聲；哀號聲。 ; 2.叫呼聲；叫喊聲。  ; 3.眾口愁怨聲。,《詩‧小雅‧鴻雁》： “鴻雁于飛， 哀鳴嗷嗷。” ; 《楚辭‧九嘆‧惜賢》： “聲嗷嗷以寂寥兮， 顧僕夫之憔悴。” ;   漢 賈誼 《過秦論》： “夫寒者利短褐， 而飢者甘糟糠， 天下之嗷嗷， 新主之資也。”,嗷,嗷
2,ideo,嘎咕,2.象聲詞。 形容槍射擊時發出的響聲。,柳青 《銅墻鐵壁》第十七章： “突然間， 沙家店 方向機槍開始直吼， 步槍嘎咕嘎咕亂響。”,嘎,咕
2,ideo,嘎嘎,1.象聲詞。 禽鳥等的鳴叫聲。 ; 2.象聲詞。 笑聲。,唐 李山甫 《方干隱居》詩： “咬咬嘎嘎水禽聲， 露洗松陰滿院清。” ;   魏巍 《東方》第三部第二章： “他正同人高談闊論， 不時地嘎嘎笑着。”,嘎,嘎
2,ideo,嘒嘒,3.象聲詞。 蟬鳴聲。,《詩‧小雅‧小弁》： “菀彼柳斯， 鳴蜩嘒嘒。”,嘒,嘒
2,ideo,嘓嘓,1.象聲詞。 咽食聲。 ; 2.象聲詞。 哭聲。  ; 3.象聲詞。 蛙鳴聲。,《醒世姻緣傳》第十九回： “兩口子拿着饃饃就着肉， 你看他攮顙。 饞的那同院子住的老婆們過去過來， 嘓嘓兒的嚥唾沫。” ;   清 蒲松齡 《聊齋俚曲集‧磨難曲》第二二回： “我偷去聽了聽， 大少爺嘓嘓的哭。” ; 《花城》1981年第2期： “月亮出來了， 夜風清涼， 蛙鳴嘓嘓。”,嘓,嘓
2,ideo,嘔唲,1.象聲詞。 小兒語聲。 ; 2.象聲詞。 鳥鳴聲。,《廣韻‧平侯》： “嘔唲， 小兒語也。” ;   宋 文同 《詠鳧》詩： “雨歸別島嘔唲語， 風度前灘翕呷飛。”,嘔,唲
2,ideo,嘔啞,1.象聲詞。 小兒說話聲。 ; 2.象聲詞。 管弦聲。  ; 3.象聲詞。 鳥獸聲。  ; 4.象聲詞。 舟車聲。  ; 5.象聲詞。 水車車水聲。,唐 白居易 《念金鑾子》詩之一： “況念夭化時， 嘔啞初學語。” ;   唐 白居易 《琵琶行》： “豈無山歌與村笛？嘔啞嘲哳難為聽。” ;   宋 歐陽修 《贈無為軍李道士》詩之二： “ 李師 一彈鳳凰聲， 空山百鳥停嘔啞。” ;   唐 李咸用 《江行》詩： “ 瀟 湘 無事後， 征棹復嘔啞。” ;   宋 王安石 《山田久欲坼》詩： “龍骨已嘔啞， 田家真作苦。”,嘔,啞
2,ideo,嘖嘖,1.象聲詞。 形容聲音輕細。 多指鳥蟲鳴聲。,唐 李賀 《南山田中行》： “秋野明， 秋風白， 塘水漻漻蟲嘖嘖。”,嘖,嘖
4,ideo,嘰哩咕嚕,2.象聲詞。 形容物體滾動聲。  ; 3.象聲詞。 形容空腹鳴叫聲。,袁靜 《伏虎記》第二十回： “晚上睡覺， 戰士們一打開毯子， 像變戲法似的， 栗子、蘋果嘰哩咕嚕從毯子裏滾出來了。” ;   成仿吾 《萬水千山只等閑‧在千里雪山中》： “大家肚子裏經常嘰哩咕嚕， 一人開始， 大家就共鳴起來。”,嘰,嚕
2,ideo,嘵嘵,1.鳥雀因恐懼而發出的鳴叫聲。 ; 2.爭辯聲。,《詩‧豳風‧鴟鴞》： “予室翹翹， 風雨所漂搖， 予維音嘵嘵。” ;   唐 韓愈 《重答張籍書》： “擇其可語者誨之， 猶時與吾悖， 其聲嘵嘵。”,嘵,嘵
2,ideo,嘶叫,3.指嘶叫聲。,茅盾 《子夜》十四： “一片叫罵聲……突然變成了人肉和竹木的擊沖， 拍刺！拍刺！咬緊了牙齒的嘶叫， 裂人心肝的號呼。”,嘶,叫
2,ideo,嘶噪,2.指喧雜的鳴叫聲。,唐 元稹 《陰山道》詩： “臣聞平時七十萬匹馬， 關中 不省聞嘶譟。”,嘶,噪
2,ideo,嘶聲,1.馬鳴聲。,唐 鄭蕡 《天驥呈材》詩： “噴勒金鈴響， 追風汗血生。 酒亭留去跡， 吳阪 認嘶聲。”,嘶,聲
1,ideo,嘿,1.用同“ 默 ”。 不說話；不出聲。  ; 2.象聲詞。 笑聲。 參見“ 嘿嘿 ”。,《晏子春秋‧諫上十二》： “臣聞之， 近臣嘿， 遠臣瘖， 眾口鑠金。” ; NA,嘿,嘿
2,ideo,噗咚,1.象聲詞。 重物落地或落水聲。 ; 2.象聲詞。 心跳聲。,周而復 《上海的早晨》第一部四： “他們兩個人把 笆斗 和 湯富海 拎起， 使勁向對面青磚墻根一拋， 噗咚一聲落在石板地上。” ;   老舍 《趙子曰》第三： “ 趙子曰 的心， 他自己聽得見， 直噗咚噗咚的跳。”,噗,咚
2,ideo,噗通,1.象聲詞。 重物落地或落水聲。 ; 2.象聲詞。 心跳聲。,《兒女英雄傳》第六回： “﹝那女子﹞便回手解下那黃布包袱來……一手提了往炕上一擲， 只聽噗通一聲， 那聲音覺得象是沉重。” ;   老舍 《駱駝祥子》十四： “ 虎妞 心裏噗通， 嘴裏可很硬。”,噗,通
2,ideo,噥噥,1.低聲絮語。 亦形容絮語聲。,清 洪昇 《長生殿‧獻發》： “姊妹每情切來相問， 為甚麼耳畔噥噥總似不聞。”,噥,噥
1,ideo,噭,3.不正之聲。,漢 揚雄 《太玄‧灶》： “次八： 食其委， 雖噭不毀。”,噭,噭
2,ideo,噭噭,1.哭聲。 ; 2.指悲叫聲。  ; 3.笑聲。  ; 4.鳥獸鳴聲。,《莊子‧至樂》： “人且偃然寢於巨室， 而我噭噭然隨而哭之。” ; NA;   三國 魏 阮籍 《詠懷詩》之十一： “乃誤 羡門子 ， 噭噭今自蚩。” ;   三國 魏 曹植 《雜詩》之三： “飛鳥繞樹翔， 噭噭鳴索群。”,噭,噭
2,ideo,噰噰,1.鳥和鳴聲。,《樂府詩集‧相和歌辭九‧相逢行》： “音聲何噰噰， 鶴鳴東西廂。”,噰,噰
1,ideo,噱,1.大笑。 亦用為象聲詞。 指笑聲。 參見“ 噱噱 ”。,《漢書‧敘傳上》： “﹝ 張放 淳于長 等﹞入侍禁中， 設宴飲之會， 及 趙 李 諸侍中皆引滿舉白， 談笑大噱。”,噱,噱
1,ideo,嚇,1.怒斥聲。  ; 1.象聲詞， 形容笑聲。,《莊子‧秋水》： “於是鴟得腐鼠， 鵷鶵過之， 仰而視之曰： ‘嚇’” 成玄英 疏： “嚇， 怒而拒物聲也。” ;   艾蕪 《我的青年時代》七： “他向 五綹長鬚 眯小眼睛， 笑着說： ‘理事長， 你這樣子， 全 雲南省 ， 都會喊你大善人的！’這總使 五綹長鬚 嚇嚇地笑了起來。”,嚇,嚇
2,ideo,嚌嚌,1.象聲詞。 鳥獸鳴叫聲。 ; 2.象聲詞。 管弦凄切聲。,《文選‧班彪＜北征賦＞》： “雁雝雝以群翔兮， 鶤雞鳴以嚌嚌。” ;   漢 揚雄 《太玄‧樂》： “鐘鼓喈喈， 管絃嚌嚌。”,嚌,嚌
1,ideo,嚧,1.象聲詞。 呼豬聲。,NA,嚧,嚧
1,ideo,嚶,1.鳥鳴聲。,《詩‧小雅‧伐木》： “嚶其鳴矣， 求其友聲。”,嚶,嚶
2,ideo,嚶喔,1.鳥鳴聲。,晉 傅玄 《啄木》詩： “緶緣樹間喙如錐， 嚶喔嚶喔聲正悲。”,嚶,喔
2,ideo,嚶嚶,1.鳥和鳴聲。 ; 3.泛指動物的鳴聲。  ; 4.低語聲。  ; 5.低泣聲。,《詩‧小雅‧伐木》： “伐木丁丁， 鳥鳴嚶嚶。” ;   漢 蔡琰 《悲憤詩》： “ 胡 笳動兮邊馬鳴， 孤雁歸兮聲嚶嚶。” ; 《西游記》第二十回： “只見一老者， 斜倚竹床之上， 口裏嚶嚶的念佛。” ;   清 侯方域 《明都察院左都史陳公墓志銘》： “ 孝潔 先生既不識父， 詢得貌， 乃繪事之， 伏臘嚶嚶孺子泣， 至老不衰。”,嚶,嚶
1,ideo,嚷,3.指喊叫聲。,魯迅 《故事新編‧補天》： “只覺得耳朵邊滿是嘈雜的嚷。”,嚷,嚷
2,not,審聲,1.古指辨別宮。 商、角、徵、羽五聲。 ; 2.辨別金鼓之聲。,《禮記‧樂記》： “是故審聲以知音， 審音以知樂， 審樂以知政， 而治道備矣。” ; 《國語‧吳語》： “大夫 皋如 進對曰： ‘審聲則可以戰乎？’”,審,聲
2,not,審音,4.謂識別清議之聲、輿論之聲。,金松岑 《心聲》： “斯音也。 號召眾籟之喑噎， 披豁群竅之聾瞶……有善審音者， 入吾國， 遘我士， 可以悚然而退， 不得曰國無人國無人矣。”,審,音
2,ideo,展展,1.形容車行聲。,NA,展,展
2,ideo,崒崒,2.象聲詞。 物體輕微的磨擦聲。,唐 孟郊 《弦歌行》： “暗中崒崒拽茅鞭， 裸足朱褌行戚戚。”,崒,崒
2,not,弦匏,1.借指弦歌之聲。,唐 陸龜蒙 《奉和襲美新秋言懷三十韻次韻》： “山衣輕斧藻， 天籟逸弦匏。 蕙展風前帶， 桃烘雨後膠。”,弦,匏
2,ideo,張聲,1.指叱吒之聲。 ; 2.大聲。  ; 3.作聲。,《三國志‧吳志‧陸遜傳》： “方今天下雲擾， 群雄虎爭， 英豪踊躍， 張聲大視。” ;   柔石 《摧殘》： “‘沒有！沒有！’婦人張聲的說。” ;   柳青 《銅墻鐵壁》第一章： “ 吳志 紅着臉， 不張聲了。”,張,聲
1,not,彩,9.對高超技藝發出的贊美的叫聲。,《兒女英雄傳》第四回： “看的眾人齊打夯兒的喝彩， 就中也有‘嚄’的一聲的， 也有‘唶’的一聲的， 都悄悄的說道： ‘這才是勁頭兒呢！’” 洪深 《歌女紅牡丹》第二本： “你聽： 這是 紅牡丹 的彩， 差不多是一句一個。”,彩,彩
2,not,影響,1.影子和回聲。 多用以形容感應迅捷。,《書‧大禹謨》： “惠迪吉， 從逆凶， 惟影響。”,影,響
2,not,循聲,2.指為官有循良之聲。,清 袁枚 《隨園詩話》卷十： “ 張 名 開士 ， 字 軼倫 ， 杭州 壬戌進士， 歷任有循聲。”,循,聲
2,ideo,快活,2.鳥鳴聲。,宋 蘇軾 《五禽言》詩之三： “豐年無象何處尋， 聽取林間快活吟。”自注： “此鳥聲云： 麥飯熟， 即快活。”,快,活
3,not,思歸樂,2.指杜鵑的鳴聲。,唐 溫庭筠 《河瀆神》詞： “暮天愁聽思歸樂， 早梅香滿山廓。”參見“ 思歸 ”。,思,樂
2,not,怨聲,1.怨恨之聲。 ; 2.凄怨之聲。,晉 袁宏 《三國名臣序贊》： “治國以禮， 民無怨聲。” ;   唐 曹鄴 《送進士下第歸南海》詩： “雪過 藍關 寒氣薄， 雁回 湘浦 怨聲長。”,怨,聲
2,not,怪笑,2.奇特的笑聲。,茅盾 《子夜》十： “ 吳蓀甫 突然一聲怪笑， 身體仰後靠在那純鋼的轉輪椅背上， 就閉了眼睛。”,怪,笑
2,ideo,恰恰,3.象聲詞。 鶯啼聲。,唐 杜甫 《江畔獨步尋花》詩之六： “留連戲蝶時時舞， 自在嬌鶯恰恰啼。”,恰,恰
2,not,悲號,2.悲涼的嗥叫聲。,三國 魏 曹植 《求自試表》： “臣聞騏驥長鳴， 伯樂 昭其能；盧狗悲號， 韓國 知其才。”,悲,號
2,not,惡聲,2.粗魯的聲氣；怨恨之聲。  ; 3.壞名聲。,《莊子‧山木》： “一呼而不聞， 再呼而不聞， 於是三呼邪， 則必以惡聲隨之。” ; 《韓非子‧說林上》： “ 湯 殺君而欲傳惡聲於子， 故讓天下於子。”,惡,聲
2,ideo,戢戢,3.象聲詞。 形容細小之聲。,唐 元稹 《表夏》詩之八： “翩翩簾外鷰， 戢戢巢內雛。”,戢,戢
3,ideo,打哈哈,1.發出連續的笑聲。 常用以形容得意、嘲笑或敷衍等神態。,張天翼 《譚九先生的工作》： “說了就打哈哈， 連臉都漲得通紅。 他看看人家響應得不怎麼夠勁， 這就補充了幾句正經話。”,打,哈
1,not,拉,16.象聲詞。 風聲。,NA,拉,拉
2,ideo,拉擸,1.象聲詞。 崩塌聲。,《文選‧左思＜吳都賦＞》： “拉擸雷硠， 崩巒弛岑。”拉， 一本作“ 菈 ”。,拉,擸
2,ideo,拍拍,1.象聲詞。 鼓翅起飛聲。 ; 2.象聲詞。 槍響聲。,唐 韓愈 《病鴟》詩： “青泥掩兩翅， 拍拍不得離。” ; 《東北人民抗日歌謠選‧俏大姐》： “伸手舉起小手槍， 叫聲特務看我的。 只聽拍拍兩聲響， 特務啃泥爬不起。”,拍,拍
2,ideo,拔剌,1.象聲詞。 彎弓彈射聲。 ; 2.象聲詞。 鳥飛魚躍聲。,漢 張衡 《思玄賦》： “彎威弧之拔剌兮， 射 嶓冢 之封狼。” ;   唐 岑參 《至大梁卻寄匡城主人》詩： “仲秋蕭條景， 拔剌飛鵝鶬。”,拔,剌
2,ideo,搜搜,2.象聲詞。 形容迅疾之聲。,《西游記》第六一回： “胡亂嚷， 苦相求， 三般兵刃響搜搜。”,搜,搜
3,ideo,撲剌剌,1.象聲詞。 多形容禽鳥拍翅聲。,元 王實甫 《西廂記》第一本第一摺： “我忽聽一聲， 猛驚， 元來是撲剌剌宿鳥飛騰。”,撲,剌
2,ideo,撲簌,2.象聲詞。 多形容禽鳥拍翅聲。,唐 溫庭筠 《塞寒行》： “燕弓弦勁霜封瓦， 撲簌寒雕睇平野。”,撲,簌
2,ideo,撲落,4.象聲詞。 形容物體落地聲。,《花月痕》第四一回： “撲落一聲， 秋痕 竟跌下去！”,撲,落
2,ideo,支楞,1.亦作“ 支楞楞 ”、“ 支楞楞爭 ”。 象聲詞。 狀金屬、琴弦等的清脆聲。,元 無名氏 《氣英布》第二摺： “若不看你少年知識， 往日交遊， 只消喒佩中劍支楞支楞的響一聲， 折末你能言巧辯， 早做了離鄉背井。”,支,楞
2,ideo,故故,3.象聲詞。 鳥鳴聲。,唐 白居易 《人定》詩： “誰定教鸚鵡， 故故語相驚。”,故,故
2,not,曉聲,1.指曉鼓之聲。,唐 李賀 《官街鼓》詩： “曉聲隆隆催轉日， 暮聲隆隆呼月出。”,曉,聲
2,not,更點,2.指更鼓之聲。,唐 薛能 《上鹽鐵尚書》詩： “城絕鼓鐘更點後， 雨涼煙樹月華新。”,更,點
2,not,木聲,1.木質之聲， 擊木之聲。 ; 2.指樂器木質部分的共鳴聲。,《靈樞經‧經脈》： “聞木聲則惕然而驚。” ;   唐 柳宗元 《箏郭師墓志》： “生善音， 能鼓十三弦……使木聲絲聲均其所自出。”,木,聲
2,ideo,林離,2.鳥鳴聲。,NA,林,離
1,ideo,架,15.象聲詞。 御者吆喝牲口聲。,李文翔 《新排長》： “馭手放開閘， 向紅馬策了頂響的一鞭。 連連地‘得得， 架架’的吆喝聲像唱一支歡快的歌。”,架,架
2,ideo,條條,4.猶蕭蕭。 形容風聲。,清 尤侗 《瑤宮花史小傳》： “但見殘釭明滅， 紙窗風聲條條， 若有彈指而泣者。”,條,條
1,not,梵,5.指誦念佛經之聲。,宋 王安石 《重游草堂寺次韻》之三： “疏鐘挾谷響， 悲梵入樵歌。”,梵,梵
2,not,楚瑟,2.指 楚 瑟之聲。,唐 孟郊 《春日同韋郎中使君送鄒儒立少府扶侍赴雲陽》詩： “郡齋敞西清， 楚 瑟驚南鴻。”,楚,瑟
2,ideo,樓羅,2.形容胡人說話聲。,《北史‧王昕傳》： “嘗有 鮮卑 聚語， 崔昂 戲問 昕 曰： ‘頗解此不？’ 昕 曰： ‘樓羅， 樓羅， 實自難解。 ’”參閱 唐 段成式 《酉陽雜俎續集‧貶誤》、 清 沈濤 《瑟榭叢談》卷下。,樓,羅
2,ideo,樸簌,1.象聲詞。 拍翅聲。  ; 2.象聲詞。 風聲。,唐 溫庭筠 《塞寒行》： “燕弓弦勁霜封瓦， 樸蔌寒鵰睇平野。” ;   明 梁辰魚 《浣紗記‧聖別》： “秋風樸簌， 夕陽西下速， 死別生離。”,樸,簌
2,ideo,欸乃,1.象聲詞。 搖櫓聲。 ; 2.象聲詞。 棹歌， 划船時歌唱之聲。,唐 元結 《欸乃曲》： “誰能聽欸乃， 欸乃感人情。”題注： “棹舡之聲。” ;   宋 陸游 《南定樓遇急雨》詩： “人語朱離逢 峒獠 ， 櫂歌欸乃下 吳 舟。”,欸,乃
2,not,殺聲,1.古代指音樂中的肅殺之聲。 ; 2.殺伐之聲， 交戰時喊殺之聲。,宋 沈括 《夢溪筆談‧樂律一》： “聲之不用商， 先儒以謂惡殺聲也。 黃鍾之太蔟， 函鍾之南呂， 皆商也， 是殺聲未嘗不用也。” ;   清 孔尚任 《桃花扇‧爭位》： “俺只道塞馬南來把戰挑， 殺聲漸高， 卻是咱兵自鏖。”,殺,聲
1,ideo,汪,7.象聲詞。 狗吠聲。,《西游記》第六三回： “﹝怪﹞要咬 二郎 ， 半腰裏纔伸出一個頭來， 被那頭細犬， 攛上去， 汪的一口， 把頭血淋淋的咬將下來。”,汪,汪
1,ideo,況,13.象聲詞。 形容鐘聲。,《呂氏春秋‧自知》： “ 范氏 之亡也， 百姓有得鐘者， 欲負而走， 則鐘大不可負；以椎毀之， 鐘況然有聲。”,況,況
2,ideo,泊泊,2.象聲詞。 多形容水聲。,王魯彥 《廈門印象記》八： “狂風怒鳴的時候， 張着帆， 傾側着小舟， 讓波浪泊泊地敲擊着船邊， 讓浪花飛濺在身上， 引出內心的生的力來。”,泊,泊
2,ideo,泥滑,2.鳥叫聲。,清 陳維崧 《小桃紅‧如皋冒天季自署信天翁向予索詞因有此贈每句中俱暗用禽言及鳥名》詞： “得過還須過， 力作如何作， 說甚餅焦， 管他泥滑。”自注： “泥滑滑， 禽言。”,泥,滑
2,ideo,洗耳,1.表示厭聞污濁之聲。,《孟子‧盡心上》“古之賢士， 何獨不然” 漢 趙岐 注： “樂道守志， 若 許由 洗耳， 可謂忘人之勢矣。”,洗,耳
1,ideo,淙,3.象聲詞。 水聲。,清 吳錫麒 《游泰山記》： “其下乃 古鶴泉 故道……然詳求故脈， 諦聽微淙， 陟草披苔， 猶堪彷彿。”,淙,淙
2,not,淫靡,3.淫蕩， 頹廢。 多用以形容樂聲。,南朝 梁簡文帝 《六根懺文》： “淫靡之聲， 欣之者眾。”,淫,靡
1,ideo,淵,5.通“ 鼘 ”。 鼓聲。 亦泛用作象聲詞。,清 蒲松齡 《聊齋志异‧余德》： “既而鼓歇， 淵然一聲， 蒂鬚頓落。”,淵,淵
2,ideo,淵淵,2.鼓聲。 亦泛用作象聲詞。,南朝 宋 劉義慶 《世說新語‧言語》： “ 衡 揚枹為《漁陽》摻撾， 淵淵有金石聲， 四坐為之改容。”,淵,淵
4,ideo,混混沌沌,3.亦作“ 混混庉庉 ”。 象聲詞。 形容波浪聲。,《文選‧枚乘＜七發＞》： “混混庉庉， 聲如雷鼓。”,混,沌
2,ideo,清圓,2.指清圓之聲。,清 龔自珍 《己亥雜詩》之二六三： “ 道韞 談鋒不落詮， 耳根何福受清圓？”,清,圓
2,ideo,清聲,3.謂疾促之聲。,《資治通鑒‧後周世宗顯德六年》： “昔 黃帝 吹九寸之管， 得黃鍾正聲， 半之為清聲， 倍之為緩聲， 三分損益之以生十二律。”,清,聲
2,ideo,潗潗,1.小蟲雜鳴聲。 ; 2.雨聲。,唐 柳宗元 《問答‧晉問》： “蟻雜螽集， 啾啾潗潗。” ;   宋 文同 《山雨》詩： “山雨灑春城， 潗潗聲頗急。”,潗,潗
2,ideo,無語,2.形容寂靜無聲。,唐 崔涯 《黃蜀葵》詩： “獨立悄無語， 清愁人詎知？” 金 元好問 《寄答趙宜之兼簡溪南詩老》詩： “黃菊有情留小飲， 青燈無語伴微吟。”,無,語
2,ideo,燕語,4.指燕子鳴聲。,唐 姚合 《酬任疇協律夏中苦雨見寄》詩： “樹暗蟬吟咽， 巢傾燕語愁。”,燕,語
2,not,爽籟,1.參差不齊的簫管聲。 一說清風激物之聲。,《文選‧殷仲文＜南州桓公九井作＞詩》： “爽籟警幽律， 哀壑叩虛牝。”,爽,籟
1,ideo,牟,1.牛鳴聲。,《說文‧牛部》： “牟， 牛鳴也。”,牟,牟
2,ideo,特特,1.象聲詞。 馬蹄聲。,唐 溫庭筠 《常林歡歌》： “馬聲特特 荊門 道， 蠻水揚光色如草。”,特,特
2,not,狼嗥,2.形容凄厲的哭叫聲。,陳三立 《夜飲秦淮酒樓》詩： “狼嗥豕突哭千門， 濺血車茵處處村。”,狼,嗥
3,not,獅子吼,3.喻悍妻怒罵之聲。,宋 蘇軾 《寄吳德仁兼簡陳季常》詩： “ 龍丘 居士亦可憐， 談空說有夜不眠；忽聞 河東 獅子吼， 拄杖落手心茫然。”按， 宋 陳慥 （字 季常 ）好談佛， 而其妻悍妒， 故 蘇軾 以佛家語賦詩戲之。 亦省作“ 獅吼 ”。,獅,吼
2,not,玉韻,1.指佛家誦經之聲。,南朝 梁簡文帝 《八關齋制序》： “香吐六銖， 煙浮五色；目對金容， 耳餐玉韻。”,玉,韻
2,not,珮珂,2.指珮玉相擊之聲。 珂， 次等玉。,明 鄧雅 《輓李次晦》詩： “曾向天門聽珮珂， 復歸林麓臥煙蘿。”,珮,珂
2,ideo,琴瑟,2.指琴瑟之聲， 古人以之為雅樂正聲。,《荀子‧非相》： “聽人以言， 樂於鍾鼓琴瑟。”,琴,瑟
2,ideo,瑟縮,3.象聲詞。 形容風雨之聲。,宋 蘇軾 《洞庭春色賦》： “臥松風之瑟縮， 揭春溜之淙潺。”,瑟,縮
2,ideo,瑽琤,1.象聲詞。 玉石等碰撞聲。 ; 2.形容樂聲、水聲。,宋 袁褧 《楓窗小牘》卷上： “劍珮瑽琤， 交映左右。” ;   清 朱彝尊 《題汪檢討楫乘風破浪圖》詩： “ 中山 君長搓手迎， 道旁張樂聲瑽琤。”,瑽,琤
2,ideo,璁瓏,2.象聲詞。 玉石碰擊聲。,前蜀 貫休 《馬上作》詩： “柳岸花堤夕照紅， 風清襟袖轡璁瓏。”,璁,瓏
2,not,瓊音,1.玉振之聲。 喻清越之聲。,NA,瓊,音
1,ideo,瓏,4.振玉之聲。 參見“ 玲瓏 ”、“ 瓏玲 ”。,NA,瓏,瓏
2,ideo,瓏玲,3.振玉之聲。,NA,瓏,玲
4,not,疾風迅雷,2.形容猛烈的氣流和巨大的響聲。,陳繼光 《開特別快車的人－－來自鐵道戰線的報告》： “一剎那， 車頭挾着疾風迅雷從他身旁馳過。”,疾,雷
2,not,發明,19.古人所謂鳳在早晨的鳴聲。,漢 劉向 《說苑‧辨物》： “天老曰： ‘夫鳳……晨鳴曰發明， 晝鳴曰保長， 飛鳴曰上翔， 集鳴曰歸昌。 ’”,發,明
2,ideo,睆睆,3.鳥鳴聲。,元 《折桂令‧壽張德中時三月三日》曲： “且莫說鶯兒睆睆， 試聽他燕子喃喃。”,睆,睆
2,not,知了,1.蟬的鳴聲。,楊沫 《青春之歌》第一部第一章： “樹林裏的蟬， 在知了知了地拼命喊叫。”,知,了
1,ideo,砑,6.象聲詞。 開門聲。,元 鄭廷玉 《忍字記》第二摺： “俺這裏人靜悄不喧譁， 那堪獨扇門兒砑。”,砑,砑
2,ideo,砰然,1.象聲詞。 雷聲。 ; 2.象聲詞。 器物墜落或撞擊聲。  ; 3.象聲詞。 水流激蕩聲。  ; 4.象聲詞。 用力敲門或開門聲。,《列子‧湯問》： “砰然聞之， 若雷霆之聲。” ;   清 吳陳琰 《瞽女琵琶記》： “日出， 忽大聲砰然起， 空中一琵琶落枕上。” ;   劉白羽 《長江三日》： “如萬瀑懸空， 砰然萬里。” ;   許杰 《吉順》下： “他們走到了 哲生 家的門口， 文輔 就往門上砰然打門。”,砰,然
2,ideo,砰砰,1.象聲詞。 鼓聲。 ; 2.象聲詞。 用力敲門聲。  ; 3.象聲詞。 水流聲。  ; 4.象聲詞。 槍聲。,晉 陸機 《鼓吹賦》： “鼓砰砰以輕投， 簫嘈嘈而微吟。” ; 《古今小說‧蔣興哥重會珍珠衫》： “雨聲未絕， 砰砰的敲門聲響。” ;   清 蒲松齡 《聊齋志异‧汪士秀》： “四面湖水奔注， 砰砰作響。” ;   楊沫 《青春之歌》第一部第十五章： “這時隨着狂鳴着的警笛， 槍聲也砰砰地在天空中呼嘯起來了。”,砰,砰
2,ideo,砰磕,1.象聲詞。 疾雷聲。 ; 2.象聲詞。 水流激蕩聲。,《文選‧揚雄＜羽獵賦＞》： “鳧鷖振鷺， 上下砰磕， 聲若雷霆。” ;   元 貢師泰 《河決》詩： “今年 黃河 決， 長堤沒深淵……怒聲恣砰磕， 悍氣仍洄漩。”,砰,磕
2,ideo,砰訇,1.象聲詞。 鳥振翅奮飛聲。 ; 2.象聲詞。 迅雷聲。  ; 3.象聲詞。 大水聲。  ; 4.象聲詞。 狂風暴雨聲。  ; 5.象聲詞。 金鼓聲。  ; 6.象聲詞。 車馬聲。  ; 7.象聲詞。 用力敲門聲。,《文選‧張衡＜西京賦＞》： “奮隼歸鳧， 沸卉砰訇。” ;   晉 顧愷之 《雷電賦》： “夫其聲無定響， 光不恒照， 砰訇輪轉， 倏閃羅曜。” ;   南朝 陳 沈炯 《歸魂賦》： “其水則砰訇瀄汩， 或寬或疾， 擊萬瀨而相奔。” ;   清 方文 《大孤館阻雪》詩： “行甫及 孤山 ， 狂飆復砰訇。” ;   清 李瀅 《望羅浮歌》： “其間琪花瑤草蔽崖谷， 砰訇鉦鼓鳴層巔。” ;   清 唐孫華 《有客》詩： “浩浩帝城中， 車馬日砰訇。” ; 《二十年目睹之怪現狀》第十八回： “忽聽得外面有人打門， 砰訇砰訇的打得很重。”,砰,訇
2,ideo,砰鍧,1.象聲詞。 疾雷聲。 ; 2.象聲詞。 大水激蕩聲。,明 袁宗道 《過黃河》詩： “雷車爭砰鍧， 雪屋互排盪。”參見“ 砰訇 ”。  ;   清 唐孫華 《進呈御覽詩》： “金隄憂泛濫， 石堰擊砰鍧。”參見“ 砰訇 ”。,砰,鍧
2,ideo,硜硜,3.象聲詞。 形容行走聲。,明 方鳳 《物异考‧眚异》： “ 哲宗 政和 中， 宮中眚作， 狀先若屋倒聲， 其形丈餘， 彷彿如龍金眼， 行動硜硜有聲。”,硜,硜
2,ideo,硠硠,1.石相擊聲。 ; 2.形容他物相擊聲。,唐 柳宗元 《晉問》： “羅列而伐者……聲振連巒， 柿填層谿。 丁丁登登， 硠硠稜稜， 若兵車之乘凌。” ;   唐 楊炯 《渾天賦》： “聞雷霆之隱隱， 聽枹鼓之硠硠。”,硠,硠
2,ideo,硼磕,1.象聲詞。 音樂聲。 ; 2.象聲詞。 雷聲。,晉 張華 《上巳》詩： “八音硼磕奏， 肴俎縱橫陳。” ;   唐 儲光羲 《同諸公送李雲南伐蠻》詩： “雷霆隨神兵， 硼磕動穹蒼。”,硼,磕
1,ideo,碎,11.象聲詞。 形容拍擊聲。,郭沫若 《反正前後》第二篇： “‘我們要誓死反對！’碎的一聲在桌上一拳。 壇下也同聲的反響了一聲， 大家也在自己的席上碎的一拳。”,碎,碎
1,ideo,碰,10.象聲詞。 多用以形容撞擊聲。,茅盾 《子夜》一： “ 林佩珊 十分生氣似的掙脫了 范博文 的手， 就跑進了客廳右首後方的一道門， 碰的一聲， 把門關上。”,碰,碰
2,ideo,磔格,1.象聲詞。 風吹竹聲。 ; 2.象聲詞。 鳥鳴聲。  ; 3.象聲詞。 難懂的語聲。,元 黃公望 《管夫人竹窩圖》詩： “翠蛟翔舞劃煙霧， 霜戟磔格敲天風。” ;   清 紀昀 《閱微草堂筆記‧姑妄聽之一》： “出林後， 沿溪而去， 水禽亦磔格亂鳴， 似有所見。” ;   清 夏燮 《中西紀事‧偷頭記》： “兩洋人先後行， 方磔格語笑， 後者忽無聲， 回視之， 已失頭而仆；前者大駭， 僵立若槁木， 俄頃又失其頭。”,磔,格
2,ideo,磔磔,1.象聲詞。 鳥鳴聲。 ; 2.象聲詞。 琴聲。  ; 3.象聲詞。 棋子聲。  ; 4.象聲詞。 爆竹聲。  ; 5.象聲詞。 骨節聲。  ; 6.象聲詞。 笑聲。,宋 蘇軾 《石鍾山記》： “而山上棲鶻， 聞人聲亦驚起， 磔磔雲霄間。” ;   宋 蘇軾 《游桓山會者十人以春水滿四澤夏雲多奇峰為韻得澤字》： “彈琴石室中， 幽響清磔磔。” ;   宋 黃機 《傳言玉女‧次岳總干韻》詞： “紋楸玉子， 磔磔敲春晝。” ;   宋 陳元靚 《歲時廣記‧元旦上‧燃爆竹》： “ 潁濱 《除日》詩云： ‘ 楚 人重歲時， 爆竹鳴磔磔。 ’” ; 《剪燈新話‧太虛司法傳》： “ 大異 方若其長， 不能自立， 即願身矮一尺。 眾鬼又驅至石床上， 如按麵之狀， 極力一捺， 骨節磔磔有聲， 乃擁之起， 果一尺矣。” ;   茅盾 《虹》八： “剛一進門， 就聽得 謝老先生 的磔磔的笑聲從那個作為客廳用的樓下廂房裏出來。”,磔,磔
4,not,磨刀霍霍,1.語出《木蘭詩》： “磨刀霍霍向豬羊。”霍霍， 磨刀聲。 今多用以形容敵人加緊活動， 用武力威脅。,柯岩 《我的爺爺》詩之二： “這哪裏是什麼學習啊？！這是磨刀霍霍要殺人。”,磨,霍
2,not,祝聲,1.祝禱時發出的噫歆之聲。 ; 3.以特殊技法奏出的琴聲。,《禮記‧曾子問》： “祝聲三， 告曰： ‘某之子生敢告。 ’” 鄭玄 注： “聲噫歆， 警神也。” ;   唐 李肇 《唐國史補》卷下： “ 宥 師 董庭蘭 ， 尤善泛聲、祝聲。”,祝,聲
1,ideo,窣,5.象聲詞。 形容細小的摩擦聲。,唐 李賀 《南園》詩之二： “宮北田塍曉氣酣， 黃桑飲露窣宮簾。”,窣,窣
3,not,第三聲,1. 北魏 酈道元 《水經注‧江水二》： “每至晴初霜旦， 林寒澗肅， 常有高猿長嘯， 屬引淒異， 空谷傳響， 哀轉久絕， 故漁者歌曰： ‘ 巴 東 三峽 巫峽 長， 猿鳴三聲淚沾裳。 ’”因以“第三聲”指令人凄切的猿鳴聲。 ; 2.指普通話陰平、陽平、上、去四類字調中的上聲。 如“板”“此”“鬼”“也”等字調為第三聲。,唐 戴叔倫 《和崔法曹建溪聞猿》： “聞道 建溪 腸欲斷， 的知斷著第三聲。” ; NA,第,聲
1,ideo,紞,3.象聲詞。 擊鼓聲。 參見“ 紞如 ”、“ 紞然 ”。,NA,紞,紞
2,not,絲鞭,3.戲曲鑼經。 以鼓簽連續急促地敲擊單皮鼓， 形成類似燃放鞭炮或撕布之聲。 多用以襯托念白和身段動作。 武戲裡最緊湊的對打， 或單人連續耍刀花、槍花、棍花時， 往往停下鑼鈸等打擊樂器， 單用絲鞭襯托。,NA,絲,鞭
2,not,繁絃,1.繁雜的弦樂聲。  ; 2.比喻蟲鳴聲。,漢 蔡邕 《琴賦》： “于是繁絃既挹， 雅韻復揚。” ;   茅盾 《三人行》五： “現在是人聲漸寂， 草蟲的繁弦從各處起來， 回蕩於清涼的夜氣中間。”,繁,絃
2,not,耳鳴,1.謂耳中作嗡鳴之聲。 多由中耳、內耳或神經系統的疾病所引起。,《史記‧扁鵲倉公列傳》： “子以吾言為不誠， 試入診太子， 當聞其耳鳴而鼻張。”,耳,鳴
2,not,肅雝,1.莊嚴雍容， 整齊和諧。 形容祭祀時的氣氛和樂聲。,《詩‧周頌‧清廟》： “於穆清廟， 肅雝顯相。”,肅,雝
2,ideo,胡盧,1.喉間的笑聲。,宋 陸游 《書感》詩： “成敗只堪三太息， 是非終付一胡盧。”,胡,盧
2,ideo,脩脩,5.象聲詞。 多形容風雨之聲。,唐 姚合 《渚上行》： “微風屢此來， 決決復脩脩。”,脩,脩
2,ideo,膠膠,1.雞鳴聲。 ; 2.泛指禽類的鳴聲。,《詩‧鄭風‧風雨》： “風雨瀟瀟， 雞鳴膠膠。” ; 《後漢書‧馬融傳》： “鳩之乎茲囿之中， 山敦雲移， 群鳴膠膠， 鄙騃譟讙。”,膠,膠
2,ideo,荷荷,1.象聲詞。 怨恨聲。 ; 2.象聲詞。 歌唱聲。  ; 3.象聲詞。 催眠聲。,《南史‧梁紀中‧武帝》： “疾久口苦， 索蜜不得， 再曰‘荷荷’， 遂崩。” ;   清 黃遵憲 《都踊歌》： “聽我歌荷荷。” ;   清 黃遵憲 《己亥雜詩》之三九： “荷荷引睡施施溺， 竟夕聞娘喚女聲。”,荷,荷
2,ideo,薨薨,1.象聲詞。 眾蟲齊飛聲。,《詩‧周南‧螽斯》： “螽斯羽， 薨薨兮。”,薨,薨
2,ideo,言音,2.指鳴聲。,宋 王安石 《車載板》詩之二： “憐汝好毛羽， 言音亦清麗。”,言,音
1,ideo,訇,1.形容大聲。,《文選‧張衡〈東京賦〉》： “軯磕隱訇。”,訇,訇
2,ideo,訇轟,1.象聲詞。 多指雷聲。,清 錢謙益 《萬尊師傳》： “青天無雲， 雷聲訇轟遶其宅。”,訇,轟
1,ideo,訌,4.象聲詞。 哄鬧聲。 參見“ 訌訌 ”。,NA,訌,訌
2,ideo,訟聲,1.歌頌之聲。 ; 2.訟訴之聲。,漢 焦贛 《易林‧否之大有》： “家給人足， 訟聲並作， 四夷賓服， 干戈囊閣。” ;   元 貢師泰 《寄王魯川推官》詩： “公庭草綠訟聲稀， 時見雙雙蛺蝶飛。”,訟,聲
1,not,語,9.指琴弦之聲。,前蜀 李珣 《酒泉子》詞之二： “曲中情， 絃上語， 不堪聽！” 元 《轆轤怨》詩： “門前水揚聲似雨， 幽人當窗碧弦語。”,語,語
2,not,語言,3.喻鳴叫聲。,宋 陸游 《病中自遣》詩之二： “眾鳥次第來， 各矜語言好。”,語,言
2,ideo,諮諏,3.鳥叫聲。,唐 盧延讓 《冬夜》詩： “樹上諮諏批頰鳥， 窗間壁駮叩頭蟲。”,諮,諏
1,ideo,豨,2.象聲詞。 表示嘆息聲。,《樂府詩集‧鼓吹曲辭一‧有所思》： “妃呼豨！秋風肅肅晨風颸， 東方須臾高知之！”,豨,豨
2,ideo,足足,1.相傳為雌鳳鳴聲。,漢 王充 《論衡‧講瑞》： “案《禮記‧瑞命篇》云： ‘雄曰鳳， 雌曰凰。 雄鳴曰即即， 雌鳴曰足足。 ’” 唐 段成式 《酉陽雜俎‧廣動植序》： “鳳雄鳴節節， 雌鳴足足， 行鳴曰歸嬉， 止鳴曰提扶。”亦用以指鳳凰。,足,足
2,ideo,跫然,1.形容腳步聲。,《莊子‧徐無鬼》： “夫逃虛空者， 藜藋柱乎鼪鼬之逕， 踉位其空， 聞人足音跫然而喜矣。”,跫,然
1,ideo,踏,14.象聲詞。 走路聲。,《兒女英雄傳》第四回： “正在盼望， 只聽得外面踏踏踏踏的一陣牲口蹄兒響， 心裏說： ‘好了！是騾夫回來了。 ’” 蔣和森 《風蕭蕭》四： “ 王璠 一揮手， 馬隊便立刻踏踏踏地跟着他急馳去了。”參見“ 踏踏 ”。,踏,踏
2,ideo,踏踏,1.象聲詞。 馬蹄聲；腳步聲。,前蜀 貫休 《輕薄篇》之二： “誰家少年， 馬蹄蹋蹋。”,踏,踏
2,not,軍聲,3.軍中的喧鬧之聲。,唐 趙嘏 《錢塘》詩殘句： “一千里色中秋月， 十萬軍聲半夜潮。”,軍,聲
2,ideo,轂轂,1.象聲詞。 形容珠玉落地聲。 ; 2.象聲詞。 形容波浪撞擊山崖聲。,唐 谷神子 《博异志‧張遵言》： “ 四郎 怒， 以酒卮擊牙盤一聲， 其柱上明珠， 轂轂而落， 暝然無所睹。” ;   唐 皮日休 《吳中苦雨因書一百韻寄魯望》： “怒鯨瞪相望， 吹浪山轂轂。”,轂,轂
2,ideo,轔轔,1.象聲詞。 車行聲。 ; 2.象聲詞。 雷鳴聲。,《楚辭‧九歌‧大司命》： “乘龍兮轔轔， 高駝兮沖天。” ;   漢 崔駰 《東巡頌》： “天動雷霆， 隱隱轔轔。”,轔,轔
1,ideo,轞,2.形容車聲。 參見“ 轞轞 ”。,NA,轞,轞
1,ideo,轟,1.群車行進聲。  ; 2.指轟鳴聲。,《說文‧車部》： “轟， 轟轟， 群車聲也。” ;   唐 韓愈 《燕河南府秀才》詩： “怒起簸羽翮， 引吭吐鏗轟。”,轟,轟
2,ideo,通通,1.形容鼓聲。,清 翟灝 《通俗編‧聲音》： “ 陳造 詩： ‘通通已報衙。 ’通通， 亦鼓聲也。”,通,通
1,not,達,19.象聲詞。 腳步聲。,葉聖陶 《鄰居‧寒假的一天》： “達， 達， 達， 泥漿直濺。”,達,達
1,not,違,13.嘆詞。 詠嘆之聲。,《國語‧晉語三》： “威兮懷兮， 各聚爾有， 以待所歸兮。 猗兮違兮， 心之哀兮。”,違,違
3,not,遶殿雷,1.指臚傳之聲。,宋 以來進士殿試後， 依甲第唱名上殿召見， 稱臚唱、臚傳。 傳唱者聲音宏亮如雷， 故稱。,遶,雷
2,ideo,邕邕,1.邕， 通“ 雍 ”。 群鳥和鳴聲。,《文選‧枚乘＜七發＞》： “螭龍德牧， 邕邕群鳴。”,邕,邕
2,ideo,郁咿,2.鳥鳴聲。,三國 魏 鍾會 《孔雀賦》： “或舒翼軒峙， 奮迅洪姿；或蹀足踟躕， 鳴嘯郁咿。”,郁,咿
2,ideo,鉤輈,1.鷓鴣鳴聲。,唐 韓愈 《杏花》詩： “鷓鴣鉤輈猿叫歇， 杳杳深谷攢青楓。”,鉤,輈
4,ideo,鉤輈格磔,1.鷓鴣鳴聲。,唐 李群玉 《九子坡聞鷓鴣》詩： “正穿詰曲崎嶇路， 更聽鉤輈格磔聲。”,鉤,磔
2,ideo,鉤鉤,1.形容鼾聲。,《新編五代史平話‧唐史上》： “那 李克用 正在醉中， 鼻鼾鉤鉤地價睡。”,鉤,鉤
1,ideo,錚,1.象聲詞。 常形容金、玉等物的撞擊聲。,《水滸傳》第五五回： “卻好那一鞭打將下來， 正在刀口上， 錚地一聲響， 火光迸散。”,錚,錚
2,ideo,錚錚,1.象聲詞。 常形容金、玉等物的撞擊聲。,《南齊書‧祥瑞志》： “其東忽有聲錚錚， 又掘得泉， 沸湧若浪。”,錚,錚
1,ideo,鍠,1.象聲詞。 常用以形容金屬製打擊樂器的洪亮聲。,南朝 梁 劉勰 《文心雕龍‧原道》： “泉石激韻， 和若球鍠。”,鍠,鍠
2,not,鍾磬,3.指鐘、磬之聲。,金 趙亮功 《甘露寺》詩： “別後聞鍾磬， 山陰空夕陽。”,鍾,磬
2,ideo,鎖鎖,2.細碎的鳥鳴聲。,明 湯三江 《夜行船序‧題唐玄宗還宮感舊》套曲： “鴛鴦瓦碎， 鎖鎖先時夢兆。”,鎖,鎖
1,ideo,鎗,1.(又讀qiāng)象聲詞。 本象鐘聲， 後亦像各種響亮、清脆之聲。,唐 韓愈 孟郊 《城南聯句》： “寶唾拾未盡， 玉啼墮猶鎗。”參見“ 鎗然 ”。,鎗,鎗
1,ideo,鏗,1.象聲詞。 形容金石玉木等所發出的洪亮聲。  ; 2.象聲詞。 亦常形容金石玉木等發出洪亮聲。  ; 3.象聲詞。 咳聲。,《禮記‧樂記》： “鍾聲鏗， 鏗以立號， 號以立橫， 橫以立武。” ;   漢 揚雄 《法言‧先知》： “籩豆不陳， 玉帛不分， 琴瑟不鏗， 鍾鼓不抎， 則吾無以見聖人矣。” ; 《素問‧五常政大論》： “其動鏗禁瞀厥。”,鏗,鏗
2,ideo,鏗爾,1.象聲詞。 形容金石玉木等所發出的洪亮聲。,《論語‧先進》： “鼓瑟希， 鏗爾， 舍瑟而作。”,鏗,爾
1,ideo,鏘,1.形容金、玉等撞擊聲。  ; 2.指發出響亮清越的優美之聲。,元 周權 《夏日偕友晚步飲聽泉軒》詩： “石根瀉幽泉， 戛戛鏘琳球。” ;   宋 陸游 《老學庵筆記》卷六： “ 胡武平 上 呂丞相 啟云： ‘手提天鐸， 鏘 正始 之遺音；夢授神椽， 擯奪朱之亂色。 ’蓋不悟 正始 為年名也。”,鏘,鏘
1,ideo,鏜,1.鼓鐘之聲。,《詩‧邶風‧擊鼓》： “擊鼓其鏜， 踊躍用兵。”,鏜,鏜
2,ideo,鏦錚,1.象聲詞。 形容金屬等物相擊聲。 ; 2.形容水聲。,清 徐芳《城門高》詩： “至今寂寞扁舟夜， 時聞鏦錚鐵馬酣。”中國近代史資料叢刊《辛亥革命‧武昌起義清方檔案‧清吏條陳》： “日於人馬往來之衝， 召集工匠， 斧鋸鏦錚， 一似旦暮將有戒嚴之舉。” ;   清 錢謙益 《復介石書院記》： “觀太僕之締構， 寒泉鏦錚， 如聆其清聲。”,鏦,錚
2,ideo,鐸語,1.演奏鐸舞時的擊鐸之聲。 ; 2.檐鈴聲， 風鈴聲。,唐 溫庭筠 《蔣侯神歌》： “ 巫娥 傳意托悲絲， 鐸語琅琅理雙鬢。” ;   元 吳師道 《吳禮部詩話》： “ 陳碧棲 仁玉 騷詞云： ‘……羌有懷兮曷愬， 風虛徐兮簷鐸語。 ’”,鐸,語
1,ideo,闞,1.虎怒貌；虎叫聲。  ; 3.大聲。,《詩‧大雅‧常武》： “進厥虎臣， 闞如虓虎。” ;   清 方以智 《物理小識‧人身‧人生通理》： “聾者語闞， 啞者多笑。”參見“ 闞喝 ”。,闞,闞
1,ideo,阿,14.象聲詞。 應諾聲。,明 陸容 《菽園雜記》卷五： “諸司官御前承旨， 皆曰阿， 其聲引長。”,阿,阿
2,not,陽聲,2.指清揚之聲。 陽， 通“ 揚 ”。  ; 3.音韻學術語。 也稱附聲韻。 同“ 陰聲 ”相對。 凡韻母以鼻音m、n、ng為韻尾的， 音韻學上稱為陽聲。 如堅、光等。,《周禮‧冬官‧弓人》： “凡相幹， 欲赤黑而陽聲。 赤黑則鄉心， 陽聲則遠根。” ;   王國維 《觀堂集林‧五聲說》： “而此一切陽聲之收聲， 其性質常悠揚不盡。”,陽,聲
1,ideo,隆,12.象聲詞。 常形容雷聲或炮聲。,《詩‧大雅‧雲漢》： “旱既大甚， 薀隆蟲蟲。”,隆,隆
2,ideo,隱轔,2.象聲詞。 車馬雜沓聲。,唐 皮日休 陸龜蒙 《開元寺樓看雨聯句》： “殘雷隱轔盡， 反照依微見。”,隱,轔
4,ideo,隱隱轔轔,1.車馬眾多之聲。,《文選‧張衡＜東京賦＞》： “肅肅習習， 隱隱轔轔。”,隱,轔
2,ideo,雍雍,1.鳥和鳴聲。,《北齊書‧高元海傳》： “先是童謠云： ‘中興寺內白鳧翁， 四方側聽聲雍雍， 道人聞之夜打鐘。 ’”參見“ 雝雝 ”。,雍,雍
1,ideo,雝,2.鳥和鳴聲。 參見“ 雝雝 ”、“ 雝雝喈喈 ”。,NA,雝,雝
4,ideo,雝雝喈喈,1.鳥和鳴聲。,《詩‧大雅‧卷阿》： “鳳凰鳴矣， 于彼高岡；梧桐生矣， 于彼朝陽。 菶菶萋萋， 雝雝喈喈。”,雝,喈
2,not,雪聲,2.吟雪之聲。,唐 孟郊 《夷門雪贈主人》詩： “ 夷門 貧士空吟雪， 夷門 豪士皆飲酒。 酒聲歡閑入雪銷， 雪聲激切悲枯朽。”,雪,聲
2,ideo,雷硠,1.山崩聲。 形容聲音的巨大。,《文選‧左思＜吳都賦＞》： “菈擸雷硠， 崩巒弛岑。”,雷,硠
1,ideo,霅,4.水流相激蕩而發出的砰訇之聲。,宋 樂史 《太平寰宇記‧江南東道六‧湖州》： “按， 字書云， 霅者， 四水激射之聲也。”,霅,霅
2,ideo,震震,1.形容聲音宏大響亮。 多指雷、鼓、車馬之聲。,《漢書‧禮樂志》： “雷震震， 電燿燿。”,震,震
2,ideo,霍索,2.象聲詞。 蟹爬行聲。,元 費唐臣 《貶黃州》第二摺： “或向林皋聲裏， 舴艋舟中， 霍索溪邊， 一壺村酒， 白眼望青天。”,霍,索
1,ideo,霎,1.象聲詞。 本指風雨之聲。  ; 2.泛指一切窸窣瑣碎之聲。,唐 皮日休 《添漁具詩‧背篷》： “雨中跼蹐時， 一向聽霎霎。” ;   宋 蘇軾 《觀杭州鈐轄歐育刀會戰袍》詩： “試問 黃河 夜偷渡， 掠面驚沙寒霎霎。”,霎,霎
2,ideo,革音,1.革鼓之聲。 古代表示結陣進軍。 ; 2.變更惡聲。 謂改惡從善。,《風后握奇經》： “革音五： 一持兵；二結陣；三行；四趨走；五急鬥。” ;   南朝 宋 謝靈運 《佛影銘》： “庶推誠心， 頗感群物， 飛鴞有革音之期， 闡提獲自拔之路。”,革,音
2,ideo,颯灑,1.象聲詞。 狀風聲。,《文選‧王延壽＜魯靈光殿賦＞》： “蘭芝阿那於東西， 祥風翕習以颯灑。”,颯,灑
2,ideo,颯焉,1.形容風聲。,北周 庾信 《傷王司徒褒》詩： “陜路秋風起， 寒堂已颯焉。”,颯,焉
2,ideo,颯然,1.形容風雨聲。,唐 杜甫 《秦州雜詩》之十二： “俛仰悲身世， 溪風為颯然。”,颯,然
1,ideo,颼,2.象聲詞。 風聲。,明 張鳳翼 《紅拂紀‧計就擒王》： “伐木四山幽， 揮斧風颼。”,颼,颼
1,ideo,颾,1.象聲詞。 形容風聲。 參見“ 颾颾 ”。,NA,颾,颾
1,ideo,飀,4.象聲詞。 風聲。 參見“ 飀飀 ”。,NA,飀,飀
1,ideo,飂,3.象聲詞。 風聲。 參見“ 飂戾 ”。,NA,飂,飂
1,ideo,飉,3.象聲詞。 疾風聲。 參見“ 飉飉 ”。,NA,飉,飉
1,ideo,飋,2.象聲詞。 風聲。,唐 劉禹錫 《唐故宣歙池等州都團練觀察處置使宣州刺史兼御史中丞贈左散騎常侍王公神道碑》： “松楸飋然， 石馬矯然。 過者必敬， 宛陵 之阡。”參見“ 飋飋 ”。,飋,飋
2,not,餘聲,2.未盡之聲。,宋 王安石 《九井》詩： “餘聲投林欲風雨， 末勢卷土猶溪坑。”,餘,聲
2,not,騰笑,1.猶發出笑聲。,南朝 齊 孔稚珪 《北山移文》： “於是南岳獻嘲， 北壟騰笑。”,騰,笑
2,ideo,高格,3.象聲詞。 鳥鳴聲。,宋 歐陽修 《滄浪亭》詩： “水禽閑暇事高格， 山鳥日夕相啾喧。”,高,格
2,ideo,鱍鱍,2.象聲詞。 魚擺尾聲。,宋 陸游 《雨後》詩： “簾上翩翩燕， 蒲新鱍鱍魚。”,鱍,鱍
2,ideo,鱗鱗,7.象聲詞。 車輪聲。,清 黃鈞宰 《金壺遯墨‧大錢》： “ 咸豐 五年秋， 道過 清江 ， 聞車聲鱗鱗然來， 視之 錢 也。”參見“ 轔轔 ”。,鱗,鱗
2,ideo,鳥言,1.猶鳥語。 鳥鳴聲。,唐 劉禹錫 《洛中早春贈樂天》詩： “花意已含蓄， 鳥言尚沈吟。”,鳥,言
2,ideo,鳥語,1.鳥鳴聲。,《後漢書‧蔡邕傳》： “昔 伯翳 綜聲於鳥語， 葛盧 辯音於鳴牛。”,鳥,語
2,ideo,鳳歌,2.鳳鳴聲。  ; 3.形容簫笙等的吹奏聲。,南朝 宋 鮑照 《白雲》詩： “鳳歌出雲闕， 龍駕戾 蓬山 。” ;   宋 蘇軾 《坤成節集英殿宴教坊詞‧問女童隊》： “鳳歌諧律， 方資燕俎之歡；鷺羽分庭， 忽集壽山之下。”,鳳,歌
2,not,鳴叫,1.獸禽昆蟲等的叫聲。,王西彥 《古屋》第二部三： “一直聽到‘種田人’家雞的鳴叫， 才在隱隱的狗吠聲裏矇矓入睡。”徐遲《大場的一夜》： “秋蟲的聲音繼續的鳴叫， 草裏仿佛還有響尾蛇的‘嘶－－嘶－－’的悠長的聲音。”,鳴,叫
2,not,鳴弦,1.《論語‧陽貨》： “子在 武城 ， 聞弦歌之聲。”原謂 子游 以禮樂為教， 故邑人皆弦歌。 後以“鳴弦”泛指官吏治政有道， 百姓生活安樂。,《後漢書‧循吏傳贊》： “一夫得情， 千室鳴弦。”,鳴,弦
2,not,鳴石,2.使山石發出鳴聲。,南朝 宋 鮑照 《游思賦》： “鴻晨驚以響湍， 泉夜下而鳴石。”,鳴,石
2,ideo,鴉軋,1.象聲詞。 形容門戶啟閉聲。 ; 2.象聲詞。 形容轆轤汲水聲。  ; 3.象聲詞。 搖櫓聲。,唐 元稹 《琵琶歌》： “幽關鴉軋胡雁悲， 斷絃砉騞層冰裂。” ;   唐 元稹 《表夏》詩之二： “僮兒拂巾箱， 鴉軋深林井。” ;   宋 蘇軾 《九日黃樓作》詩： “樓前便作海茫茫， 樓下空聞櫓鴉軋。”,鴉,軋
2,not,鴻陣,2.指鴻雁飛行時發出的叫聲。,宋 姜夔 《湘月》詞： “誰解喚起 湘靈 ， 煙鬟霧鬢， 理哀絃鴻陣。”,鴻,陣
2,not,鵲噪,1.鵲鳴聲。 俗謂喜兆。,《禽經》“靈鵲兆喜” 晉 張華 注： “鵲噪則喜生。”,鵲,噪
2,not,鶯喉,1.鶯的鳴聲。 ; 2.形容婉轉悠揚的歌聲。,唐 劉禹錫 白居易 《樂天是月長齋鄙夫此時愁臥里閭非遙雲霧難披因以寄懷遂為聯句》： “鵲頂迎秋禿， 鶯喉入夏瘖。” ;   明 陳海樵 《閨怨‧惜別》曲： “哄殺人綻櫻桃生香小口， 玉板按鶯喉。”,鶯,喉
2,not,鶯聲,1.黃鶯的啼鳴聲。 ; 2.多比喻女子宛轉悅耳的語聲。,唐 白居易 《春江》詩： “鶯聲誘引來花下， 草色勾留坐水邊。” ; 《水滸傳》第一百回： “ 瓊英 在城下鶯聲嬌囀， 叫道： ‘我乃郡主， 保護大王到此， 快開城門。 ’” 清 王韜 《淞隱漫錄‧白素秋》： “耳畔鶯聲嚦嚦， 口脂之馥直透鼻觀。”,鶯,聲
2,not,鶯語,1.鶯的啼鳴聲。 ; 2.形容悅耳的語音或歌聲。,晉 孫綽 《蘭亭》詩之二： “鶯語吟脩竹， 遊鱗戲瀾濤。” ;   宋 張先 《醉桃源》詞： “歌停鶯語舞停鸞， 高陽 人更閑。”徐遲《牡丹》三： “她經常穿蜜黃色的袍子， 著淡青色的坎肩……鶯語瀝瀝， 粉香四溢。”,鶯,語
2,ideo,鶯鶯,2.嚶嚶。 鳥鳴聲。,《樂府詩集‧琴曲歌辭一‧思親操》： “河水洋洋兮青泠， 深谷鳥鳴兮鶯鶯。”一本作“ 嚶嚶 ”。,鶯,鶯
2,not,鶴語,3.鶴的鳴聲。,唐 姚合 《寄孫路秀才》詩： “潮去蟬聲出， 天晴鶴語多。”,鶴,語
2,ideo,鷓鴣,2.借指鷓鴣鳴聲。,宋 辛棄疾 《菩薩蠻‧書江西造口壁》詞： “青山遮不住， 畢竟東流去。 江晚正愁余， 山深聞鷓鴣。”,鷓,鴣
1,ideo,鷕,1.野雞鳴聲。  ; 2.泛指禽鳥叫聲。,《詩‧邶風‧匏有苦葉》： “有瀰濟盈， 有鷕雉鳴。” ;   南朝 梁 范雲 《貽何秀才》詩： “有鷕驚蘋芰， 綿蠻弄藤蘿。”,鷕,鷕
2,ideo,鷕鷕,1.雉鳴聲。 ; 2.嘆息聲。,《文選‧潘岳＜射雉賦＞》： “麥漸漸以擢芒， 雉鷕鷕而朝鴝。” ;   唐 孟郊 《秋懷》詩之十三： “衰毛暗相刺， 冷痛不可勝。 鷕鷕伸至明， 強強攬所憑。”,鷕,鷕
2,not,鸞聲,1.鸞鈴鳴聲。 ; 2.指笙簫聲。,《詩‧小雅‧庭燎》： “君子至止， 鸞聲將將。” ;   唐 劉禹錫 《竇夔州見寄寒食日憶故姬小紅吹笙》詩： “鸞聲窈眇管參差， 清韻初調眾樂隨。”,鸞,聲
2,not,鸞音,1.鸞鳥鳴聲。 ; 2.鸞鈴的鳴聲。,唐 李商隱 《寄華岳孫逸人》詩： “惟應逢 阮籍 ， 長嘯作鸞音。” ;   明 何景明 《述歸賦》： “張孔雀之翠蓋兮， 諧鸞音于下輻。”,鸞,音
2,ideo,鼉鼓,2.鼉鳴聲。,唐 許渾 《贈所知》詩： “湖日似陰鼉鼓響， 海雲纔起蜃樓多。”,鼉,鼓
2,ideo,鼓吹,4.鼓吹聲；樂曲聲。  ; 5.比喻蛙鳴聲。,唐 李山甫 《陪鄭先輩華山羅谷訪張隱者》詩： “谷風聞鼓吹， 苔石見文章。” ;   唐 楊收 《詠蛙》： “兔邊分玉樹， 龍底耀銅儀。 會當同鼓吹， 不復問官私。”,鼓,吹
2,ideo,鼕鼕,1.象聲詞。 常指鼓聲。,唐 顧況 《公子行》： “朝遊鼕鼕鼓聲發， 暮遊鼕鼕鼓聲絕。”,鼕,鼕
3,ideo,齁嘍嘍,1.鼻息聲。 形容酣睡。,NA,齁,嘍
2,not,一口,3.出語一致， 異口同聲。,《韓非子‧孤憤》： “大臣挾愚污之人， 上與之欺主， 下與之收利侵漁， 朋黨比周， 相與一口， 惑主敗法， 以亂士民。”,一,口
2,not,一笛,2.喻輕微的風聲。,唐 趙嘏 《華清宮和杜舍人》詩： “月鎖千門靜， 天吹一笛涼。”,一,笛
2,not,一辭,2.謂異口同聲。,宋 蔡絛 《鐵圍山叢談》卷六： “ 魯公 盛德， 蓋自小官時。 縉紳閒一辭謂之有手段。”,一,辭
2,not,一金,4.謂敲鑼一聲。 金， 指鑼。,《二刻拍案驚奇》卷二十： “解賊一金並一鼓， 迎官兩鼓一聲鑼。 金鼓看來都一樣， 官人與賊不爭多。”,一,金
2,not,三曲,1.古喪禮的一種哀聲。 謂一舉聲而三折。,《禮記‧間傳》： “斬縗之哭， 若往而不反；齊縗之哭， 若往而反；大功之哭；三曲而偯；小功緦麻， 哀容可也。 此哀之發於聲音者也。”,三,曲
2,not,上聲,1.古漢語四聲的第二聲。 ; 2.普通話聲調的第三聲。 念降升調。,宋 袁文 《甕牖閑評》卷七： “ 蘇東坡 作《渼陂魚》詩云： ‘烹不待熟指先染’， 乃在去聲韻押。 然《左氏傳》載‘染指’事， 染字音如琰反， 作上聲押可也。” ;   洪深 《電影戲劇表演術》第四章三： “若‘豈有此理’一句， 四字皆上聲， 苟一概揭高， 殊不入耳。”,上,聲
2,not,九錫,2. 魏 晉 六朝 掌政大臣奪取政權、建立新王朝率皆襲 王莽 謀 漢 先邀九錫故事， 後以九錫為權臣篡位先聲。,唐 杜牧 《和野人殷潛之題籌筆驛十四韻》： “ 三吳 裂婺女， 九錫獄孤兒。”,九,錫
2,not,交口,1.眾口；齊聲。,唐 韓愈 《柳子厚墓志銘》： “諸公要人， 爭欲令出我門下， 交口薦譽之。”,交,口
2,not,仁聲,1.指具有教化作用， 能使風俗變得淳厚的音樂或樂聲。,《孟子‧盡心上》： “仁言不如仁聲之入人深也。”,仁,聲
2,not,仄起,2.近體詩的起句形式。 指首句第二字為仄聲。 如五律首句為仄仄平平仄， 七律首句為仄仄平平仄仄平。,NA,仄,起
2,not,令望,2.引申指美好的名聲。,《陳書‧沈眾傳》： “ 高祖 大怒， 以 眾 素有令望， 不欲顯誅之。”,令,望
2,not,令稱,2.好名聲。,《藝文類聚》卷三七引 三國 魏 桓範 《薦管寧表》： “竊見 東莞 管寧 ， 束脩著行， 少有令稱， 州閭之名。”,令,稱
2,NA,伐木,2.《詩‧小雅》篇名。 其詩云： “伐木丁丁， 鳥鳴嚶嚶……嚶其鳴矣， 求其友聲。”後因以“伐木”為表達朋友間深情厚誼的典故。,唐 駱賓王 《初秋於竇六郎宅宴得風字詩序》： “諸君情諧伐木， 仰登龍以締歡。”,伐,木
2,NA,休聲,1.贊美聲。 ; 2.美好的名聲。,《北史‧高允傳》： “如此， 則休聲日至， 謗議可除。” ;   唐 韓愈 《除崔群戶部侍郎制》： “邁茲令德， 藹然休聲。”,休,聲
2,NA,低低,1.低聲， 輕聲。,南唐 李煜 《蝶戀花》詞： “桃李依依春暗度， 誰在秋千， 笑裏低低語。”,低,低
2,NA,俗韻,1.不高雅的樂聲。,唐 白居易 《鄧魴張徹落第》詩： “古琴無俗韻， 奏罷無人聽。”,俗,韻
2,NA,修名,1.美好的名聲。,《隋書‧列女傳序》： “其修名彰於既往， 徽音傳於不朽， 不亦休乎！” 明 劉城 《秋懷》詩： “惟有修名在， 千秋不可欺。”,修,名
2,NA,傳歌,1.傳送歌聲。,《南齊書‧王融傳》： “方今九服清怡， 三靈和晏……東鞮獻舞， 南辮傳歌。”,傳,歌
1,NA,價,3.聲價；名聲。,北齊 顏之推 《顏氏家訓‧名實》： “夫神滅形消， 遺聲餘價， 亦猶蟬殼蛇皮、獸迒鳥跡耳。”,價,價
3,NA,八角鼓,1.打擊樂器名。 八角形小鼓， 單面蒙皮， 周圍七面嵌有響鈴， 無鈴一面飾雙股長穗。 演奏時用指擊鼓面發出鼓聲， 搖動鼓身發出鈴聲。 今為曲藝單弦的主要伴奏樂器。,NA,八,鼓
2,NA,共鳴,1.物體因共振而發聲的現象， 例如兩個頻率相同的音叉靠近， 其中一個振動發聲時， 另一個也會發聲。,NA,共,鳴
2,NA,凝咽,2.亦作“ 凝噎 ”。 猶哽咽。 哭時不能痛快出聲。,宋 柳永 《雨霖鈴》詞： “執手相看淚眼， 竟無語凝噎。”,凝,咽
2,NA,前奏,3.比喻事物出現的先聲。,秦牧 《中國紅場的旗幟》： “五四運動又成為偉大的中國共產黨誕生的前奏。”,前,奏
2,NA,功名,1.功業和名聲。,《莊子‧山木》： “削跡損勢， 不為功名。”,功,名
2,NA,化飯,1.變飯為蜂， 或一物變幻出他物。 典出 晉 葛洪 《神仙傳‧葛元》： “ 元 方與客對食， 食畢漱口， 口中飯盡成大蜂數百頭， 飛行作聲。 良久張口， 群蜂還飛升入口中。,元 嚼之， 故是飯也。”,化,飯
2,NA,去聲,1.古代漢語四聲的第三聲。 ; 2.普通話字調中的第四聲。 詳“ 四聲 ”。,NA; NA,去,聲
2,NA,取名,2.求取名聲。,唐 韓愈 《上考功崔虞部書》： “夫今之人， 務利而遺道， 其學其問， 以之取名致官而已。”,取,名
2,NA,受名,2.獲得名聲。,清 顧炎武 《日知錄‧名以同事而章》： “《孟子》： ‘ 禹 稷 當平世， 三過其門而不入。 ’考之《書》曰： ‘ 啟 呱呱而泣， 予弗子。 ’此 禹 事也， 而 稷 亦因之受名。”,受,名
2,NA,口口,2.連聲；口口聲聲。,《紅樓夢》第一○九回： “ 寶玉 接來一瞧， 那玉有三寸方圓， 形似甜瓜， 色有紅暈， 甚是精致。,口,口
2,NA,口吃,2.指雙聲。,清 納蘭性德 《淥水亭雜識》卷四： “ 休文 八病， 宋 人已不能辨……無疊韻， 不口吃者， 八病俱離。”,口,吃
2,NA,叫叫,1.遠聲。,《漢書‧揚雄傳下》： “大味必淡， 大音必希；大語叫叫， 大道低回。”,叫,叫
2,NA,叫嗥,2.猶吼叫。 指風、大炮等發出很大的響聲。,郭小川 《駱駝商人輓歌》： “風在叫嗥， 黃砂在飛走。”,叫,嗥
2,NA,叫囂,2.猶呼嘯。 發出很大的響聲。,曹禺 《原野》序幕： “巨龍似的列車， 喧嚇地叫囂了一陣， 噴着火星亂竄的黑煙， 風掣電駛過來。”,叫,囂
2,NA,叫號,1.喊號子聲。,韶華 《梁上君子》： “工地上的千百臺機械的聲響， 更加沸騰起來了， 勞動的叫號也更加嘹亮了。”,叫,號
1,NA,叱,7.嘆詞。 呵斥聲。  ; 8.嘆詞。 呼喚聲。  ; 9.嘆詞。 對牲畜的驅使聲。,《莊子‧大宗師》： “俄而 子來 有病， 喘喘然將死， 其妻子環而泣之。  ; 《太平御覽》卷九六五引《東方朔傳》： “ 武帝 時， 上林 獻棗。 上以所持杖擊 未央 前殿檻， 呼 朔 曰： ‘叱！叱！先生來！來！先生知筐中何等物也？’” ; 《藝文類聚》卷九四引 晉 葛洪 《神仙傳》： “ 平 乃往， 言： ‘叱！叱！羊起！’於是白石皆起成羊數萬頭。”,叱,叱
2,NA,叱叱,1.驅使牲畜聲。,宋 陸游 《致仕後述懷》詩之五： “叱叱驅黃犢， 行行跨白驢。”,叱,叱
2,NA,叱嗟,1.怒斥聲。,《戰國策‧趙策三》： “ 威王 勃然怒曰： ‘叱嗟， 而母婢也！’”,叱,嗟
2,NA,吆呼,2.指鼾聲。,《紅樓夢》第八二回： “又停了一會子， 又聽得遠遠的吆呼聲兒－－卻是 紫鵑 已在那裏睡着， 鼻息出入之聲。”,吆,呼
2,NA,合口,4.異口同聲；齊聲。,《英烈傳》第二回： “這些人便合口說道： ‘敢不從命。 ’”,合,口
2,NA,合聲,3.猶齊聲。,唐 孫頠 《幻异志‧雙聖燈》： “ 大歷 十四年四月八日夜， 大眾合聲禮念， 西南近臺見雙聖燈。”,合,聲
2,NA,同辭,2.猶言異口同聲。 意見一致。,《國語‧晉語九》： “﹝ 閻明 叔褒 ﹞同辭對曰： ‘吾小人也。 貪， 饋之始至， 懼其不足， 故歎。 ’”,同,辭
2,NA,名字,5.猶名譽；名聲。,《漢書‧陳遵傳》： “ 竦 博學通達， 以廉儉自守， 而 遵 放縱不拘…… 哀帝 之末， 俱著名字， 為後進冠。”,名,字
2,NA,名望,1.名聲， 威望；為人仰望的名聲。,《三國志‧蜀志‧黃忠傳》： “ 忠 之名望， 素非 關 、 馬 之倫也。”,名,望
2,NA,名目,2.名聲。,元 無名氏 《舉案齊眉》第一摺： “父親阿你壞風俗， 枉了你清廉名目。”,名,目
2,NA,名稱,2.名聲。 語本《論語‧衛靈公》： “君子疾沒世而名不稱焉。”,《史記‧萬石張叔列傳》： “﹝ 不疑 ﹞不好立名稱， 稱為長者。”,名,稱
2,NA,名聞,1.名聲。,《莊子‧人間世》： “名聞不爭， 未達人心。”,名,聞
2,NA,名號,2.名聲。,《呂氏春秋‧勸學》： “古之聖王未有不尊師者也， 尊師則不論其貴賤貧富矣。 若此則名號顯矣， 德行彰矣。”,名,號
2,NA,名頭,1.名聲。,元 楊顯之 《桃花女》第一摺： “你的名頭傳播的遠了， 那算卦的人難道為這一個不著便不來要你算？”,名,頭
2,NA,吐納,6.指發聲。,南朝 梁 劉勰 《文心雕龍‧神思》： “吟詠之間， 吐納珠玉之聲；眉睫之前， 卷舒風雲之色。”,吐,納
1,NA,吒,4.發怒聲。 參見“ 吒叱 ”。  ; 5.進食時口中作聲。 參見“ 吒食 ”。,《楚辭‧王逸〈九思‧疾世〉》： “憂不暇兮寢食， 吒增歎兮如雷。” ;   漢 賈誼 《新書‧匈奴》： “設令中國日治， 匈奴 日危， 大國大富， 匈奴 適亡， 吒犬馬行， 理勢然也。”,吒,吒
2,NA,吟叫,2.指有節奏的叫賣聲。,宋 孟元老 《東京夢華錄‧天曉諸人入市》： “更有 御街 州橋 至南內前趁朝賣藥及飲食者， 吟叫百端。”,吟,叫
2,NA,吟呻,1.呻吟。 因苦痛而發出哼聲。,宋 陸游 《神君歌》： “考錄魑魅， 號呼吟呻。”,吟,呻
2,NA,吟鳴,2.指有節奏的響聲。,蕭軍 《五月的礦山》第七章： “除開那機械底鐵和鐵、鐵和石頭接觸時所發出來的那些有韻律似的爆響和吟鳴而外， 就只是一片近乎可怕的沉默。”,吟,鳴
2,NA,吹彈,2.指吹彈聲。,葉聖陶 《倪煥之》十： “這時候， 前街的鑼鼓聲和人聲一陣陣地沸揚起來， 中間碎亂地夾雜着絲竹的吹彈。”,吹,彈
2,NA,吹葉,1.銜草木之葉於口， 吹之發出樂聲。,《文選‧李陵＜答蘇武書＞》“胡笳互動” 李善 注引 晉 傅玄 《＜笳賦＞序》： “吹葉為聲。”,吹,葉
2,NA,吻嚕,2.指鼾聲。 端木蕻良《遙遠的風沙》： “他一高一低地大頭沖下倒下了， 就春雷似的打起‘呼嚕’來。”,NA,吻,嚕
2,NA,吼聲,1.洪大的呼喊聲。 ; 2.指風的呼嘯聲。 杜鵬程《在和平的日子裏》第一章三： “山上的森林裏發出忽而大忽而小的吼聲。”,田漢 《義勇軍進行曲》： “中華民族到了最危險的時候， 每個人被迫着發出最後的吼聲。” ; NA,吼,聲
1,NA,呃,1.氣逆作聲。 俗稱打嗝。  ; 1.不平聲。,元 朱震亨 《丹溪先生心法‧咳逆》﹝附錄﹞： “咳逆為病， 古謂之噦， 近謂之呃。”參見“ 呃逆 ”。  ;   唐 陸龜蒙 《雜諷》詩之三： “斯人道仍閟， 不得不鳴呃。 當時布衣士， 亦作天子客。”,呃,呃
1,NA,呱,1.小兒哭聲。,《詩‧大雅‧生民》： “鳥乃去矣， 后稷 呱矣。”,呱,呱
2,NA,呶呶,2.喧鬧聲。,唐 盧仝 《苦雪憶退之》詩： “病妻煙眼淚滴滴， 飢嬰哭乳聲呶呶。”,呶,呶
1,NA,呸,2.吐唾沫聲。 亦指吐唾沫。,楊沫 《青春之歌》第一部第十七章： “憲兵皺着眉頭， 用力呸了一口唾沫。”,呸,呸
2,NA,呻吟,2.因憂勞苦痛而嗟嘆。 亦指嗟嘆聲。,《呂氏春秋‧大樂》： “君臣失位， 父子失處， 夫婦失宜， 民人呻吟。”,呻,吟
2,NA,呼吼,1.謂洪大的鼾聲。,《西游記》第九二回： “只見幾隻牛橫敧直倒， 一個個呼吼如雷， 盡皆睡熟了。”,呼,吼
2,NA,呼息,2.猶呼聲。 息， 指聲息， 聲音。,郭沫若 《羽書集‧世界反侵略秩序的建設》： “窒息了很久的正義的呼息， 由於我們的努力， 復蘇了轉來。”參見“ 呼聲 ”。,呼,息
2,NA,呼籲,2.指呼聲。,巴金 《關於＜家＞》： “我要寫一部《家》來作為一代青年的呼吁。”,呼,籲
2,NA,呼聲,3.鼾聲。,老舍 《駱駝祥子》十二： “ 老程 睡去， 祥子 ……聽着 老程 的呼聲， 他心中急躁。”,呼,聲
2,NA,呼號,2.指呼喊聲。,賀敬之 《雷鋒之歌》： “把你戰鬥的呼號傳遍那萬里風雲的天空。”,呼,號
2,NA,咂嘴,1.用舌抵齒、嘴唇上下開合作聲。 表示稱贊、企慕等。,《西游記》第九五回： “ 行者 見師父全不動念， 暗自裏咂嘴誇稱道： ‘好和尚！好和尚！’”,咂,嘴
1,NA,咄,2.指呵叱聲。,《史記‧滑稽列傳褚少孫論》： “ 郭舍人 疾言罵之曰： ‘咄！老女子！何不疾行！’”,咄,咄
2,NA,咄叱,2.嘆惜聲。,《南史‧賊臣傳‧侯景》： “ 景 聞之大懼泣下， 覆面引衾臥， 良久方起， 歎曰： ‘咄叱！咄叱！誤殺乃公。 ’”,咄,叱
2,NA,咋唶,1.指呼喊吆喝聲。,漢 桓寬 《鹽鐵論‧論災》： “ 越 人美蠃蚌而簡太牢， 鄙夫樂咋唶而怪《韶濩》。”,咋,唶
2,NA,和聲,3.音樂術語。 指兩個以上的音按一定的規律同時發聲。,II,和,聲
2,NA,和言,2.謂舒緩出氣以發聲。,劉師培 《南北文學不同論》： “發喉引聲， 和言中宮， 危言中商， 疾言中角， 微言中徵、羽。”,和,言
1,NA,咧,1.鳥聲。,《集韻‧入薛》： “咧、咧咧， 鳥聲。”,咧,咧
2,NA,咬牙,4.熟睡中牙齒相磨發聲。 常由消化不良等疾病所引起。,NA,咬,牙
1,NA,咾,1.聲。,《集韻‧上皓》： “咾， 聲也。”,咾,咾
2,NA,哀弦,1.悲涼的弦樂聲。,三國 魏 曹丕 《善哉行》： “哀弦微妙， 清氣含芳。”,哀,弦
2,NA,哀聲,2.指發出哀聲。  ; 3.悲涼的樂聲。,許地山 《荔支》： “屋裏跑出一個老婦人， 哀聲求他們說： ‘大爺們， 我這棵荔支還沒有熟呢。 ’” ;   漢 馬融 《長笛賦》： “律呂既和， 哀聲五降。”,哀,聲
1,NA,哄,1.眾人同時發聲。,NA,哄,哄
2,NA,哈喇,2.引申指砍殺聲。,明 汪廷訥 《种玉記‧虜驕》： “聽馬前哈喇， 千里血染猩猩。”,哈,喇
1,NA,哢,2.指樂聲。,清 姚鼐 《往與長沙郭昆甫游》詩： “居然雅樂發遺音， 豈肯繁絃奏新哢？”,哢,哢
1,NA,哨,10.撮口或用哨子吹出響聲。,《水滸傳》第四一回： “大哨一聲， 眾多好漢都扛了箱籠家財， 卻奔城上來。”,哨,哨
1,NA,哭,1.因悲傷痛苦或情緒激動而流淚、發聲。,《論語‧述而》： “子於是日哭則不歌。”,哭,哭
1,NA,哱,1.吹氣聲。 參見“ 哱息 ”。,NA,哱,哱
2,NA,哼哈,1.表示呵斥；呵斥聲。,《官場現形記》第三十回： “值堂的見了， 倒擺出滿臉的悻悻之色， 朝他哼兒哈兒的趕他走開。”,哼,哈
2,NA,哽噎,2.悲痛氣塞， 泣不成聲。,漢 王逸 《九思‧遭厄》： “思哽饐兮詰詘， 涕流瀾兮如雨。”原注： “饐， 一作咽。”,哽,噎
1,NA,唌,1.語中嘆息聲。,《說文‧口部》： “唌， 語唌嘆也。”,唌,唌
2,NA,唧唧,1.嘆息。 亦指嘆息聲。 ; 2.贊嘆聲。  ; 3.鳥鳴、蟲吟聲。,《樂府詩集‧橫吹曲辭五‧木蘭詩》： “唧唧復唧唧， 木蘭 當戶織， 不聞機杼聲， 唯聞女歎息。” ;   北魏 楊衒之 《洛陽伽藍記‧開善寺》： “綠萍浮水， 飛梁跨閣， 高樹出雲， 咸皆唧唧。” ;   唐 王維 《青雀歌》： “猶勝黃雀爭上下， 唧唧空倉復若何？” 宋 歐陽修 《秋聲賦》： “但聞四壁蟲聲唧唧， 如助余之嘆息。”,唧,唧
1,NA,唯,1.應答聲。  ; 2.招呼聲。,《論語‧里仁》： “子曰： ‘ 參 乎！吾道一以貫之。 ’ 曾子 曰： ‘唯。 ’” 戰國 楚 宋玉 《對楚王問》： “ 楚襄王 問於 宋玉 曰： ‘先生其有遺行與？何士民眾庶不譽之甚也！’ 宋玉 對曰： ‘唯， 然， 有之。 ’” ;   宋 無名氏 《張協狀元》戲文第九齣： “\\[生白\\]怪風一陣， 有如裂帛之聲。 唯， 猛獸業畜， 不得無禮！”,唯,唯
2,NA,唯阿,1.《老子》： “唯之與阿， 相去幾何。”唯、阿皆應諾聲。 後因以“唯阿”喻差別極小。,《宋書‧蔡興宗傳》： “率衛相去， 唯阿之間。”,唯,阿
2,NA,唱聲,2.歌唱聲。,唐 薛能 《楊柳枝》詩： “柔娥幸有腰肢穩， 試踏吹聲作唱聲。”,唱,聲
1,NA,唼,2.咂嘴。 用舌尖抵住上顎發出吸氣聲。,丁玲 《松子》： “ 松子 沒有留意到它們， 只注視着從谷底升上來的， 已經溶進昏暮裏去了的一陣陣的炊煙。 而唼着嘴唇， 快樂的又把步子加快了。”,唼,唼
2,NA,唾噦,1.吐唾沫有聲。 舊時厭禳的迷信舉動。,《金瓶梅詞話》第五九回： “只聽那 官哥兒 呱的一聲倒咽了一口氣就不言語了， 手腳俱被風搐起來， 慌的奶子丟下飯碗， 摟抱在懷， 只顧唾噦與他收驚。”,唾,噦
2,NA,商聲,2.秋聲。,《管子‧幼官》： “聽商聲， 治濕氣。”,商,聲
1,NA,啐,2.謂發出唾聲。 表示鄙棄或憤怒。,《二刻拍案驚奇》卷三： “ 桂娘 啐了一啐道： ‘虧你不羞！’”,啐,啐
1,NA,啞,3.指物體發出的聲音沉悶， 不響聲。 參見“ 啞板 ”。,NA,啞,啞
2,NA,啞聲,1.無聲。,元 王實甫 《西廂記》第四本第二摺： “一個恣情的不休， 一個啞聲兒廝耨。”,啞,聲
4,NA,啾啾唧唧,1.繁雜細碎聲。,唐 杜甫 《狂歌行贈四兄》： “日斜枕肘寢已熟， 啾啾唧唧為何人。”,啾,唧
1,NA,喀,1.嘔吐聲。 參見“ 喀喀 ”。,NA,喀,喀
2,NA,善名,1.好的名聲。,《尹文子‧大道上》： “善有善名， 惡有惡名。”,善,名
2,NA,善聲,2.善於發聲。,漢 桓寬 《鹽鐵論‧相刺》： “善聲而不知轉， 未可為能歌也。”,善,聲
2,NA,喉囀,1.古代一種特殊的發聲技藝。 能模仿笳、簫等樂器的演奏聲。,三國 魏 繁欽 《與魏文帝箋》： “時都尉 薛訪 車子， 年始十四， 能喉囀引聲， 與笳同音。”,喉,囀
1,NA,喏,1.應諾聲。,《淮南子‧道應訓》： “臣有薄技， 願為君行之。,喏,喏
2,NA,喑喑,1.不成語言的發聲。,漢 應劭 《風俗通‧十反》： “友人 張子平 、 吉仲考 等密共穿踰， 奪取衣衾， 窮夜獨處， 迫切至矣， 然無聲響， 徒喑喑而已。”,喑,喑
1,NA,喳,2.舊時僕役對主人的應諾聲。,《老殘游記》第十二回： “只見那家人連聲道： ‘喳， 喳’， 回過頭就去了。”,喳,喳
1,NA,嗃,1.吹管聲。,《莊子‧則陽》： “夫吹筦也， 猶有嗃也。”,嗃,嗃
1,NA,嗄,3.舊時僕役對主人、下級對上級的應諾聲。,《說岳全傳》第二八回： “ 楊虎 即令： ‘帶進來！’兩邊軍士應一聲‘嗄’， 即將 牛皋 推至面前。”,嗄,嗄
2,NA,嗚咽,1.低聲哭泣。 亦指悲泣聲。,漢 蔡琰 《悲憤》詩之一： “觀者皆歔欷， 行路亦嗚咽。”,嗚,咽
2,NA,嗚嗚,1.歌詠聲；吟詠聲。,《史記‧李斯列傳》： “夫擊甕叩缶彈箏搏髀， 而歌呼嗚嗚快耳者， 真 秦 之聲也。”,嗚,嗚
4,NA,嗚嗚咽咽,1.悲泣聲。,《醒世恒言‧喬太守亂點鴛鴦譜》： “ 慧娘 道： ‘君若無計娶我， 誓以魂魄相隨……’說罷， 嗚嗚咽咽哭將起來。”,嗚,咽
2,NA,嗣音,3.謂繼承前人的事業， 如響應聲。,清 陳鱣 《對策‧文選》： “ 唐 宋 元 明 ， 各有沿襲； 班 揚 張 左 ， 孰可嗣音？” 嚴復 《＜古今文鈔＞序》： “三十年以往， 吾國之古文辭， 殆無嗣音者矣。”,嗣,音
1,NA,嗷,1.哀號聲。  ; 2.叫呼聲。,《說文‧口部》： “嗷， 眾口愁也。” ; 《荀子‧強國》“百姓讙敖” 唐 楊倞 注： “敖……亦讀為嗷， 謂叫呼之聲嗷嗷然也。”參見“ 嗷嗷 ”。,嗷,嗷
1,NA,嗺,1.撮口作聲。,NA,嗺,嗺
2,NA,嘉名,2.好名聲。,漢 朱浮 《為幽州牧與彭寵書》： “棄休令之嘉名， 造梟鴟之逆謀。”,嘉,名
1,NA,嘯,3.稱其他尖利而悠長的響聲。,晉 張協 《雜詩》之五： “淒風為我嘯， 百籟坐自吟。”,嘯,嘯
1,NA,嘳,1.同“ 喟 ”。 嘆聲。,《晏子春秋‧雜上二》： “﹝ 晏子 ﹞退朝而乘， 嘳然而歎。”,嘳,嘳
3,NA,噗嚕嚕,1.禽鳥拍翅聲。 杜鵬程《鐵路工地上的深夜》： “路邊大樹上一群小鳥突然噗嚕嚕地飛着， 叫着。”,《當代》1981年第2期： “車進大門時走得緩慢， 這時， 有兩只喜鵲噗嚕嚕落在車頭上， 嘎嘎地叫了幾聲。”,噗,嚕
3,NA,噗簌簌,2.禽鳥拍翅聲。,《小說選刊》1984年第11期： “小鳥噗簌簌地飛向藍天。”,噗,簌
1,NA,噤,2.謂不能出聲或不許做聲。,明 沈璟 《義俠記‧被盜》： “哭得我氣衰聲噤， 恐傷親意偷悲喑。”,噤,噤
2,NA,噤聲,1.閉口， 不作聲。 多作制止發聲之辭。,元 王實甫 《西廂記》第五本第三摺： “他倒不如你？噤聲！”,噤,聲
2,NA,噫嗚,2.怒叱聲。,宋 陸游 《感秋》詩： “噫嗚怒眥裂， 憤激悲涕潸。”,噫,嗚
1,NA,噾,1.謂痛哭過度而氣咽無聲。,《集韻‧去沁》： “《方言》： ‘啼極無聲， 齊宋 之間謂之喑。 ’或作噾。”,噾,噾
1,NA,噿,2.鳥聲。,NA,噿,噿
2,NA,嚎咷,2.指大哭聲。,清 王逋 《蚓庵瑣語》： “黎明傳大兵踰城已入， 郝千戶 開東門， 百姓喧擠出逃， 踐踏倒死， 嚎咷震天。”,嚎,咷
2,NA,嚎啕,2.指大哭聲。,孔厥 《新兒女英雄續傳》第十章： “於是突然地， 爆發了一陣男男女女虛偽的嚎啕。”,嚎,啕
2,NA,嚴鼓,1.急鼓， 急促的鼓聲。 ; 4.指戒嚴的鼓聲。,《漢書‧史丹傳》： “天子自臨軒檻上， 隤銅丸以擿鼓， 聲中嚴鼓之節。” ;   宋 梅堯臣 《夜賦》詩： “閒覺萬慮空， 靜聞嚴鼓重。”,嚴,鼓
1,NA,囀,1.轉折發聲。  ; 2.婉轉的歌聲。,三國 魏 繁欽 《與魏文帝箋》： “時都尉 薛訪 車子， 年始十四， 能喉囀引聲， 與笳同音。” ;   南朝 齊 謝朓 《和伏武昌〈登孫權故城〉》： “舞館識餘基， 歌梁想遺囀。”,囀,囀
2,NA,四清,1.樂律名。 指宮清、商清、角清、徵清四高聲。,《宋史‧樂志四》： “ 漢 律以四清為至陽之氣， 在二十八宿為虛、昴、星、房， 四者居四方之位， 以統十二律。”參閱 清 毛奇齡 《聖諭樂本解說》二。,四,清
2,NA,回音,2.回聲。,賀敬之 《十年頌歌》詩： “正向我們傳來響不斷的回音！”,回,音
2,NA,城鼓,1.戰時城上傳令的鼓聲。 ; 2.報更的鼓聲。,《墨子‧備梯》： “令賁士主將， 皆聽城鼓之音而出， 又聽城鼓之音而入。” ;   清 黃景仁 《對月詠懷》： “唾壺擊缺月落去， 靜聽城鼓撾過三。”,城,鼓
2,NA,夜嚴,2.指夜間戒嚴的鼓聲。,《新唐書‧岑文本傳》： “是夕， 帝聞夜嚴， 曰： ‘ 文本 死， 所不忍聞。 ’命罷之。”參見“ 嚴鼓 ”。,夜,嚴
2,NA,大聲,2.聲音大， 高聲。  ; 3.大名聲。,《漢書‧王莽傳中》： “ 莽 為人侈口蹶顄， 露眼赤精， 大聲而嘶。” ;   清 周亮工 《午睡與冠五》詩： “理生如此亦早富， 久譴於世負大聲。”,大,聲
2,NA,大雅,1.《詩經》的組成部分之一。 舊訓雅為正， 謂詩歌之正聲。,《詩大序》： “雅者， 正也， 言王政之所廢興也。 政有小大， 故有《小雅》焉， 有《大雅》焉。”,大,雅
2,NA,天鼓,1.天神所擊之鼓。 傳說雲天鼓震則有雷聲。,《史記‧天官書》： “天鼓， 有音如雷非雷， 音在地而下及地。”,天,鼓
2,NA,失聲,1.悲痛過度而泣不成聲。,《孟子‧滕文公上》： “昔者 孔子 沒， 三年之外， 門人治任將歸， 人揖於 子貢 ， 相向而哭， 皆失聲。”,失,聲
2,NA,奔渾,1.猶奔涌。 渾， 水流聲。,唐 元稹 《春蟬》詩： “安得天上雨， 奔渾河海傾。”,奔,渾
2,NA,好音,2.也特指樂聲。,清 李漁 《風箏誤‧囑鷂》： “新詩為我逗琴心， 更仗新詩索好音。”,好,音
2,NA,妖淫,1.淫靡。 多指樂聲。,三國 魏 阮籍 《樂論》： “《雅》、《頌》之詩之講， 而妖淫之曲是尋。”,妖,淫
1,NA,娷,2.饑聲。,II,娷,娷
1,NA,婗,1.嬰兒啼聲。,《釋名‧釋長幼》： “人始生曰嬰兒……婗， 其啼聲也。”,婗,婗
2,NA,子聲,1.即半律， 也稱半聲。 古樂十二律中相鄰兩音間的音程。 ; 2.做聲。,《通典‧樂三》： “ 鳧氏 為鐘， 以律計自倍半。 半者， 准半正聲之半， 以為十二子律， 制為十二子聲。 比正聲為倍， 則以正聲於子聲為倍， 以正聲比子聲， 則子聲為半……以黃鍾之管正聲九寸為均， 子聲則四寸半。” ;   金 董解元 《西廂記諸宮調》卷四： “牙兒抵着不敢子聲， 側着耳朵兒窗外聽， 千古清風指下生。”參見“ 則聲 ”。,子,聲
2,NA,宮商,4.可借指詩律中的平仄和聲韻中的四聲。,南朝 梁 鍾嶸 《＜詩品＞序》： “昔 曹 劉 殆文章之聖， 陸 謝 為體貳之才， 銳精研思， 千百年中， 而不聞宮商之辨， 四聲之論。”,宮,商
1,NA,寂,1.靜， 無聲。,晉 陸機 《輓歌詩》： “魂輿寂無響， 但見冠與帶。”,寂,寂
2,NA,寂泊,2.寂靜無聲。,章炳麟 《＜革命軍＞序》： “然自 乾隆 以往， 尚有 呂留良 、 曾靜齊 、 周華 等持正議以振聾俗， 自爾遂寂泊無所聞。”,寂,泊
2,NA,寂漻,1.同“ 寂寥 ”。 寂靜無聲。,《文選‧宋玉〈九辯〉》： “泬寥兮天高而氣清， 寂漻兮收潦而水清。”,寂,漻
4,NA,密不通風,2.比喻做事嚴密， 一點也不走露風聲。,《初刻拍案驚奇》卷二： “朝奉在家， 推個別事出外， 時時到此來往， 密不通風， 有何不好？”,密,風
1,NA,寐,3.靜謐無聲。,《釋名‧釋姿容》： “寐， 謐也， 靜謐無聲也。”參見“ 寐寐 ”。,寐,寐
2,NA,寒漏,1.寒天漏壺的滴水聲。,唐 王維 《同崔員外秋宵寓直》詩： “九門寒漏徹， 萬井曙鐘多。”,寒,漏
2,NA,寥寂,1.寂靜無聲。,唐 劉禹錫 《秋螢引》： “ 漢 陵 秦 苑遙蒼蒼， 陳根腐葉秋螢光。 夜空寥寂金氣靜， 千門九陌飛悠揚。”,寥,寂
5,NA,寬銀幕電影,1952年興起的一種電影。 銀幕比普通電影的寬， 放映機配有特製鏡頭， 使觀眾看到的畫面大而完整， 並有身臨其境的感覺。 這種電影的配音多是立體聲。,NA,寬,影
2,NA,小名,2.小名聲。,《魏書‧張普惠傳》： “今宰輔專欲好小名， 不圖安危大計， 此微臣所以寒心者也。”,小,名
2,NA,屏息,2.指寂靜無聲。,《新唐書‧東夷傳‧高麗》： “兵過城下， 城中屏息偃旗。”,屏,息
2,NA,屐齒,3.指履聲， 腳步聲。,明 王世貞 《曾太學攜酒見訪作》詩： “花宮寂無事， 屐齒破高眠。”,屐,齒
2,NA,山響,1.山谷的回聲。,唐 王維 《過感化寺曇興上人山院》詩： “催客聞山響， 歸房逐水流。”,山,響
2,NA,市喧,2.指街市的喧囂聲。,清 范風仁 《秋日村居》詩： “新水滿湖閒縱櫂， 市喧應不到農家。”,市,喧
2,NA,市直,1.博取正直的名聲。,唐 李翱 《釋懷賦》： “心皓白而不容兮， 非市直而望利。”,市,直
1,NA,希,4.寂靜無聲。,《老子》： “視之不見名曰夷， 聽之不聞名曰希。”,希,希
3,NA,師子吼,2. 宋 陳慥 自稱 龍丘先生 ， 好賓客， 然其妻 柳氏 極凶妒， 蘇東坡 因有詩云： “ 龍丘居士 亦可憐， 談空說有夜不眠， 忽聞 河東 師子吼， 拄杖落手心茫然。”事見 宋 洪邁 《容齋三筆‧陳季常》。 後即以“師子吼”比喻悍婦的怒罵聲。 參見“ 河東獅吼 ”。,NA,師,吼
2,NA,平聲,1.謂調和五聲。,《國語‧周語下》： “聲以龢樂， 律以平聲。”,平,聲
2,NA,幽默,1.沉寂無聲。,《楚辭‧九章‧懷沙》： “眴兮杳杳， 孔靜幽默。”,幽,默
1,NA,弘,1.弓聲。,《說文‧弓部》： “弘， 弓聲也。”,弘,弘
1,NA,弦,4.弓弦聲。,《漢書‧李廣傳》： “其射， 見敵， 非在數十步之內， 度不中不發， 發即應弦而倒。”,弦,弦
2,NA,弦音,2.琴聲。,艾青 《杜塔拉》詩： “他想起被凌侮的那些歲月， 他的弦音在緩慢裏流出了凄切。”,弦,音
2,NA,彈指,1.捻彈手指作聲。 佛家多以喻時間短暫。 ; 2.捻彈手指作聲。 原為 印度 風俗。 用以表示歡喜、許諾、警告等含義。,唐 王維 《六祖能禪師碑銘》： “飯食訖而敷坐， 沐浴畢而更衣， 彈指不流， 水流燈焰， 金身永謝， 薪盡火滅。” ; 《法華經‧神力品》： “一時謦欬， 俱共彈指。”,彈,指
2,NA,形聲,3.六書之一。 意符和聲符並用的構字法， 亦稱象聲、諧聲。,漢 許慎 《＜說文解字＞敘》： “形聲者， 以事為名， 取譬相成， ‘江’、‘河’是也。”參見“ 六書 ”。,形,聲
1,NA,彭,1.鼓聲。,《說文‧壴部》： “彭， 鼓聲。”參見“ 彭觥 ”、“ 彭魄 ”。,彭,彭
2,NA,從從,1.車鈴聲。,《楚辭‧九辯》： “前輊輬之鏘鏘兮， 後輜乘之從從。”,從,從
2,NA,從聲,2.古代指五音中的宮、商、角三聲。,宋 沈括 《夢溪筆談‧樂律一》： “五音： 宮、商、角為從聲， 徵、羽為變聲。 從謂律從律， 呂從呂；變謂以律從呂， 以呂從律。”,從,聲
2,NA,微聲,1.微小的名聲。,唐 張籍 《祭退之》詩： “公文為時師， 我亦有微聲。 而後之學者， 或號為 韓 張 。”,微,聲
2,NA,微言,5.指人所發出的細微語聲。,劉師培 《南北文學不同論》： “夫聲律之始， 本乎聲音： 發喉引聲， 和言中宮， 危言中商， 疾言中角， 微言中徵、羽；商、角響高， 宮、羽聲下， 高下既區， 清濁旋別。”,微,言
2,NA,德音,5.好名聲。,《詩‧豳風‧狼跋》： “公孫碩膚， 德音不瑕。”,德,音
2,NA,徽音,3.優美的樂聲。 多指琴聲。,漢 王粲 《公宴》詩： “管絃發徽音， 曲度清且悲。”,徽,音
2,NA,急杵,1.急促的搗衣聲。,宋 陸游 《露坐》詩： “秋近不堪聞急杵， 夜涼已復怯輕絺。”,急,杵
2,NA,急瀨,2.指急湍聲。,宋 陸游 《秋夜聞雨》詩： “清似釣船聞急瀨， 悲於靜院聽繁砧。”,急,瀨
2,NA,急響,2.指急促的響聲。,元 馬臻 《湖中春游曲》： “箜篌急響如相惱， 岸頭折盡忘憂草。”,急,響
2,NA,怪響,1.奇怪的響聲。,茅盾 《子夜》十七： “在那靜悄悄的大客廳裏， 有一種刺耳的怪響。”,怪,響
1,NA,悄,2.寂靜無聲。  ; 3.聲音小；輕聲。,南朝 梁武帝 《藉田》詩： “啟行天猶暗， 伐鼓地未悄。” ;   宋 蘇軾 《蝶戀花‧春景》詞： “笑漸不聞聲漸悄， 多情卻被無情惱。”,悄,悄
2,NA,悄語,2.指低低的說話聲。,夏衍 《上海見聞記》： “甲板上連悄語也沒有了。”,悄,語
2,NA,悲絲,1.悲哀的弦樂聲。,唐 杜甫 《促織》詩： “悲絲與急管， 感激異天真。”,悲,絲
1,NA,悶,2.沉默， 不作聲。 呂劇《李二嫂改嫁》第七場： “要說孬處就是為人悶一點， 老實的說不出句話來。”,NA,悶,悶
1,NA,慕,3.指小兒思念父母的啼哭聲。,《禮記‧檀弓上》： “其往也如慕， 其反也如疑。”,慕,慕
2,NA,慕名,1.猶好名。 希望自己有好名聲。 ; 2.仰慕名聲。,《漢書‧王商史丹傅喜傳贊》： “ 陽平 之 王 多有材能， 好事慕名， 其勢尤盛， 曠貴最久。” ; 《白雪遺音‧八角鼓‧清晨起》： “原來是近鄰的街坊賢母子， 慕名來送小兒曹。”,慕,名
2,NA,慢聲,2.古語有一音緩讀而成二音者， 叫做慢聲。 如慢聲為“之乎”， 急聲為“諸”；慢聲為“不律”， 急聲為“筆”。 流行於民間的切口， 也有一音緩讀而成二音的， 如“一”為“也基”， “有”為“爺九”。,NA,慢,聲
2,NA,應響,1.回聲。,漢 劉向 《新序‧雜事二》： “ 淳于髡 等三稱， 鄒忌 三知之如應響， 淳于髡 等辭屈而去。”,應,響
2,NA,戒尺,1.佛教戒師向僧徒說戒時的用具， 兩塊長方形小木， 一仰一俯， 仰木在下稍大， 用俯木敲擊發聲。,《百丈清規‧沙彌得度》： “設戒師座几， 與住持分手， 几上安香燭、手爐、戒尺。”,戒,尺
2,NA,探聽,2.猶尋聲。,清 黃軒祖 《游梁瑣記‧裕州刀匪》： “既見失勢， 遂狂奔。,探,聽
2,NA,掩口,2.沉默不語；不敢出聲。,《史記‧孝武本紀》： “臣恐效 文成 ， 則方士皆掩口， 惡敢言方哉！”,掩,口
2,NA,揚聲,1.高聲。 ; 2.傳播名聲。,《晏子春秋‧諫上二二》： “ 湯 晰而長， 頤以髯， 兌上豐下， 倨身而揚聲。” ;   漢 孔融 《論盛孝章書》： “今 孝章 實丈夫之雄也， 天下談士依以揚聲， 而身不免於幽縶。”,揚,聲
2,NA,擅名,2.享有名聲。,《晏子春秋‧問上四》： “是上獨擅名， 而利下流也。”,擅,名
2,NA,擊叩,1.《禮記‧學記》： “善待問者如撞鐘， 叩之以小者則小鳴， 叩之以大者則大鳴， 待其從容， 然後盡其聲。”,孔穎達 疏： “從讀為舂者， 舂謂擊也， 以為聲之形容。 言鐘之為體， 必待其擊， 每一舂而為一容， 然後盡其聲。 善答者亦待其一問， 然後一答， 乃盡說義理也。”後因以“擊叩”喻發問求解。,擊,叩
1,NA,擖,1.刮物聲。,唐 陸龜蒙 《吳中苦雨一百韻》： “朗詠衝樂懸， 陶匏響鏗擖。”,擖,擖
2,NA,攤破,1. 唐 宋 填詞用語。 指因樂曲節拍的變動引起句法、協韻的變化， 突破原來詞調譜式， 故稱攤破。 如《浣溪沙》上下闋的末句， 原為七言一句， 句末協韻。 樂曲攤開後， 突破七字為十字， 成為七言、三言兩句， 改於三言句末協韻， 別成一體， 故稱《攤破浣溪沙》， 以示區別。 他如《攤破采桑子》、《攤破江城子》等， 均屬此類。 又稱攤聲。 後來的曲譜中， 也有“攤破”， 與詞的情況有所不同。,清 李漁 《閑情偶寄‧詞曲上‧音律》： “以二曲、三曲合為一曲……又有以‘攤破’二字概之者， 如本曲《簇御林》、本曲《錦地花》， 而串入別曲， 則曰《攤破簇御林》、《攤破錦地花》之類。”,攤,破
1,NA,散,16.即散聲。 彈奏琴瑟時， 手指不按抑絲弦所發出的聲音。,《老殘游記》第十回： “初起不過輕挑漫剔， 聲響悠柔；一段以後， 散泛相錯， 其聲清脆。”參見“ 散聲 ”。,散,散
1,NA,敲,2.指敲擊聲。,唐 吳融 《賦雪》詩： “影密燈回照， 聲繁竹送敲。”,敲,敲
2,NA,文名,2.善於寫文章的名聲。,南朝 梁 劉勰 《文心雕龍‧才略》： “ 子太叔 美秀而文， 公孫揮 善於辭令， 皆文名之標者也。”,文,名
2,NA,文聲,1.工於為文的名聲。,《宋史‧孔文仲傳》： “初， 文仲 與弟 武仲 、 平仲 皆以文聲起 江西 ， 時號三 孔 。”,文,聲
2,NA,景響,1.如影隨形， 如響應聲。,《楚辭‧九章‧悲回風》： “入景響而無應兮， 聞省想而不可得。”,景,響
2,NA,曉鼓,1.報曉的鼓聲。 ; 2.指漁市報訊的鼓聲。,唐 褚載 《曉感》詩： “曉鼓鼕鼕星漢微， 佩金鳴玉鬥光輝。” ;   明 文徵明 《游洞庭將歸再賦》： “曉鼓隔溪漁市作， 秋風吹枳橘連墻。”自注： “漁舟至則鳴鼓聚人。”,曉,鼓
2,NA,曙更,1.黎明的更柝聲。,唐 祖詠 《宿陳留李少府揆廳》詩： “旅泊倦愁臥， 堂空聞曙更。”,曙,更
2,NA,書名,3.擅長書法的名聲。,宋 陸游 《老學庵筆記》卷二： “ 仲翼 有書名而前輩多以為俗， 然亦以配 周越 。 予嘗見其飛白大字數幅， 亦甚工， 但誠不免俗耳。”,書,名
1,NA,朗,6.指高聲。,郭沫若 《孔雀膽》第四幕： “拔出佩刀， 向天朗訴。”參見“ 朗吟 ”、“ 朗誦 ”。,朗,朗
2,NA,朗言,1.高聲。,宋 陸游 《老學庵筆記》卷二： “初， 斬 全 於市， 觀者甚眾， 中有一人朗言曰： ‘此不了事漢， 不斬何為！’聞者皆笑。”,朗,言
2,NA,木魚,2.指木魚聲。,宋 蘇軾 《宿海會寺》詩： “木魚呼粥亮且清， 不聞人聲聞履聲。”,木,魚
2,NA,朱朱,1.呼雞聲。,《初學記》卷三十引 漢 應劭 《風俗通》： “呼雞曰朱朱， 俗云， 雞本 朱 氏翁化為之。 今呼雞皆朱朱也。”,朱,朱
2,NA,村笛,2.指鄉間笛聲。,唐 白居易 《琵琶行》： “豈無山歌與村笛， 嘔啞嘲哳難為聽。”,村,笛
2,NA,村聲,1.村裡的人語聲。 ; 2.粗聲。,宋 范成大 《田舍》詩： “煙火村聲遠， 林菁野氣香。” ; NA,村,聲
1,NA,杵,2.借指搗衣聲。,唐 盧汝弼 《秋夕寓居精舍書事》詩： “葉滿苔階杵滿城， 此中多恨恨難平。”,杵,杵
2,NA,杵聲,1.以杵搗物聲。 搗衣聲。 ; 2.以杵搗物聲。 夯土聲。,南朝 宋 謝惠連 《搗衣》詩： “檐高砧響發， 楹長杵聲哀。” ;   唐 張籍 《築城詞》： “力盡不得休杵聲， 杵聲未定人皆死。”,杵,聲
2,NA,枯桐,2.《晉書‧張華傳》： “ 吳郡 臨平 岸崩， 出一石鼓， 槌之無聲。 帝以問 華 ， 華 曰： ‘可取 蜀 中桐材， 刻為魚形， 扣之則鳴矣。 ’於是如其言， 果聲聞數里。”後因以“枯桐”代指擊鐘的直長形木魚。,宋 蘇軾 《奉敕祭西太乙和韓川韻》之三： “夢蝶猶飛旅枕， 粥魚已響枯桐。”,枯,桐
1,NA,枹,2.指擊鼓聲。,宋 蘇軾 《告文宣王文》： “鳴玉載道， 紛枹在庭。”,枹,枹
2,NA,梵音,2.佛教謂大梵天王所出的音聲。 亦指佛、菩薩的音聲。,《法苑珠林》卷四九： “何等為五： 一者其音正直， 二者其音和雅， 三者其音清徹， 四者其音深滿， 五者周遍遠聞。 具此五者， 乃名梵音。”,梵,音
2,NA,棄身,2.謂不顧自身的名聲。,《梁書‧徐勉傳》： “非徒棄日， 乃是棄身， 身名美惡， 豈不大哉！可不慎歟？”,棄,身
2,NA,棋聲,2.棋藝卓越的名聲。,《二刻拍案驚奇》卷二： “卻是棋聲傳播， 慕他才色的咽乾了涎唾， 只是不能勝他， 也沒人敢啟齒求配。”,棋,聲
3,NA,楊柳枝,1.樂府近代曲名。 本為 漢 樂府橫吹曲辭《折楊柳》， 至 唐 易名《楊柳枝》， 開元 時已入教坊曲。 至 白居易 依舊曲作辭， 翻為新聲。 其《楊柳枝詞》之一云： “古歌舊曲君休聽， 聽取新翻《楊柳枝》。”當時詩人相繼唱和， 均用此曲詠柳抒懷。 七言四句， 與《竹枝詞》相類。 參閱 宋 王灼 《碧雞漫志》卷五、《樂府詩集》卷八一。,NA,楊,枝
2,NA,樂正,2.指音樂的正聲。,《國語‧周語下》： “夫政象樂， 樂從和， 和從平……於是乎氣無滯陰， 亦無散陽， 陰陽序次， 風雨時至， 嘉生繁祉， 人民龢利， 物備而樂成， 上下不罷， 故曰樂正。”,樂,正
2,NA,機聲,1.機弩發矢聲。 ; 2.織機聲。  ; 3.飛機聲。,《文選‧潘岳＜射雉賦＞》： “倒禽紛以迸落， 機聲振而未已。” ;   唐 孟郊 《離思》詩： “迴織別離字， 機聲有酸楚。” ;   巴金 《軍長的心》一： “後來我聽見熟悉的機聲了。 聲音越來越近， 好像敵機就在我們的頭上一樣。”,機,聲
1,NA,欸,3.指嘆聲。,漢 揚雄 《法言‧淵騫》： “ 始皇 方獵六國， 而 翦 牙欸！” 李軌 注： “欸者， 絕語歎聲。”,欸,欸
2,NA,款步,3.腳步聲。,明 方孝孺 《王進德傳》： “後學舍諸輕蕩士， 指目 進德 ， 相戒不敢為非義。 或飲酒歡笑， 聞其款步， 即皆畏避。”,款,步
2,NA,歌謳,3.指歌聲。,晉 葛洪 《抱樸子‧崇教》： “評歌謳之清濁， 理管弦之長短。”,歌,謳
2,NA,歌鐘,2.歌樂聲。,唐 李白 《魏郡別蘇明府因北游》詩： “青樓夾兩岸， 萬家喧歌鐘。”,歌,鐘
2,NA,歌鼓,1.歌唱並擊鼓。 亦指歌聲和鼓聲。,《漢書‧禮樂志》： “ 巴 俞 鼓員三十六人， 歌鼓員二十四人。”,歌,鼓
1,NA,歐,2.指嘔吐聲。,《山海經‧東山經》： “薄魚， 其狀如鱣魚而一目， 其音如歐。”,歐,歐
4,NA,正始之音,2.指純正的樂聲。,唐 白居易 《五弦彈》詩： “正始之音其若何？朱絃疏越清廟歌。 一彈一唱再三歎， 曲淡節稀聲不多， 融融曳曳召元氣， 聽之不覺心平和。”亦省作“ 正始音 ”。,正,音
2,NA,正聲,1.純正的樂聲。 ; 2.謂符合音律的標准樂聲。,《荀子‧樂論》： “正聲感人而順氣應之。” ; 《六韓‧五音》： “宮、商、角、徵、羽， 此其正聲也。”,正,聲
2,NA,正音,1.純正的樂聲；雅正的樂聲。,《淮南子‧天文訓》： “姑洗生應鐘， 比於正音， 故為和。”,正,音
2,NA,武聲,2.威武的名聲。,《三國志‧魏志‧陳矯傳》： “若蒙救援， 使為外藩， 則 吳 人剉謀， 徐方 永安， 武聲遠震， 仁愛滂流。”,武,聲
2,NA,歷碌,1.車輪聲。,明 曾棨 《送陳郎中重使西域》詩： “雕輪歷碌擁鳴騶， 幾欲停鞭記舊游。”,歷,碌
2,NA,汙名,1.壞名聲。,《管子‧中匡》： “入者不說， 出者不譽， 污名滿天下。”,汙,名
2,NA,沈聲,2.沉寂無聲。 謂保持沉默。,魯迅 《書信集‧致胡今虛》： “你說我最近二三年來， 沉聲而且隱藏， 這是不確的， 事實也許正相反。”,沈,聲
2,NA,沈默,2.不說話；不出聲。,五代 王定保 《唐摭言‧升沉後進》： “二公沈默良久， 曰： ‘可於客戶坊稅一廟院。 ’” 姚雪垠 《李自成》第一卷第四章： “他沉默地緩轡前進， 考慮着明天的作戰問題。”,沈,默
3,NA,油葫蘆,1.亦作“ 油壺盧 ”。 昆蟲名。 形狀像蟋蟀而較大， 黑褐色， 有油光， 觸角長， 腹部肥大， 有一對尾鬚， 雌蟲另有一個赤褐色的產卵管， 雄蟲的翅能互相摩擦發聲。 晝伏夜出， 吃豆類、穀類、瓜類等。,明 劉侗 于奕正 《帝京景物略‧胡家村》： “促織之別種三， 肥大倍焉者， 色澤如油， 其聲呦、呦、呦， 曰油葫蘆。”,油,蘆
2,NA,治名,1.為政有成績而獲得的好名聲。,《漢書‧尹翁歸傳》： “ 翁歸 三子皆為郡守。 少子 岑 歷位九卿， 至後將軍。 而 閎孺 亦至 廣陵 相， 有治名。”,治,名
2,NA,法音,3.誦經奏樂聲。,明 邵璨 《香囊記‧祈禱》： “特過玄壇啟法音。”,法,音
1,NA,泙,1.水聲。,唐 柳宗元 《晉問》： “漰泙洞踏者， 彌數千里。”集注引 童宗說 曰： “泙， 水鳴聲。”,泙,泙
2,NA,泛灩,2.謂歌曲中宛轉引長其聲。,宋 程大昌《演繁露‧嘌》： “凡今世歌曲……近又即舊聲而加泛灩者， 名曰嘌唱。”,泛,灩
1,NA,泡,2.水流聲。 參見“ 泡泡 ”。,NA,泡,泡
2,NA,波波,2.寒顫聲。,《楞嚴經》卷八： “二習相陵， 故有吒吒、波波、羅羅。”,波,波
2,NA,洪鐘,2.洪亮的鐘聲。 多用以比喻人洪亮的嗓音。,唐 顏真卿 《郭公廟碑銘》： “身長八尺二寸， 行中絜矩， 聲如洪鍾。”,洪,鐘
1,NA,洴,1.水聲。 參見“ 洴淜 ”。,NA,洴,洴
2,NA,流徽,2.流傳的好名聲。,王闓運 《＜衡陽縣志＞序》： “流徽未湮， 思追芳躅。”,流,徽
2,NA,流聲,1.流播名聲。 ; 2.流傳的名聲。  ; 3.指流囀的樂曲聲。,《後漢書‧張衡傳》： “ 弈秋 以棋局取譽， 王豹 以清謳流聲。” ;   晉 潘尼 《贈河陽》詩： “流聲馥秋蘭， 摛藻艷春華。” ;   漢 枚乘 《七發》： “練色娛目， 流聲悅耳。”,流,聲
2,NA,流響,1.傳播響聲。 亦指傳出的聲響。 ; 2.指流傳名聲。,晉 成公綏 《嘯賦》： “音要妙而流響， 聲激嚁而清厲。” ;   清 陳田 《明詩紀事戊籤‧唐順之》： “ 應德 詩稱名家……妙處並足流響詞林。”,流,響
2,NA,海濤,2.指海濤聲。,葉聖陶 《倪煥之》十： “喧嚷聲、笑語聲、小兒啼哭聲混合在一起， 像有韻律似的， 仿佛繁碎的海濤。”,海,濤
2,NA,淋鈴,1.指雨聲。,前蜀 韋莊 《宿蓬船》詩： “夜來 江 雨宿蓬船， 臥聽淋鈴不忍眠。”,淋,鈴
2,NA,淙淙,1.流水聲。 ; 2.樂器聲。,晉 陶潛 《祭從弟敬遠文》： “淙淙懸溜， 曖曖荒林。” ;   唐 元結 《補樂歌‧六英》： “我有金石兮， 擊拊淙淙。”,淙,淙
2,NA,淫濫,2.指不雅正的樂聲。,南朝 梁 劉勰 《文心雕龍‧樂府》： “夫樂本心術， 故響浹肌髓， 先王慎焉， 務塞淫濫。”,淫,濫
2,NA,混混,8.波浪聲。 參見“ 混混沌沌 ”。,II,混,混
2,NA,清宮,4.指清越的宮調聲。,《後漢書‧文苑傳下‧邊讓》： “揚《激楚》之清宮兮， 展新聲而長歌。”,清,宮
2,NA,清歌,2.清亮的歌聲。,晉 葛洪 《抱樸子‧知止》： “輕體柔聲， 清歌妙舞。”,清,歌
2,NA,清漏,1.清晰的滴漏聲。 古代以漏壺滴漏計時。,南朝 宋 鮑照 《望孤石》詩： “嘯歌清漏畢， 徘徊朝景終。”,清,漏
2,NA,清濁,4.語音的清聲與濁聲。,北齊 顏之推 《顏氏家訓‧音辭》： “而古語與今殊別， 其間輕重清濁， 猶未可曉。”,清,濁
2,NA,清砧,2.指捶衣聲。,清 屠爌 《贈別袁重其》詩： “霜淒茂苑清砧急， 月照荒臺落葉多。”,清,砧
2,NA,清謳,2.指清亮的歌聲。,《藝文類聚》卷六二引 三國 魏 何晏 《景福殿賦》： “ 吳 姬擢歌， 越 女鼓枻， 詠《採菱》之清謳， 奏《淥水》之繁會。”,清,謳
2,NA,清迥,2.清越而有回聲。,唐 李涉 《題清溪鬼谷先生舊居》詩： “寂寞天籟息， 清迥鳥聲曙。”,清,迥
2,NA,清響,1.清脆的響聲。,漢 王粲 《七哀詩》之二： “流波激清響， 猴猿臨岸吟。”,清,響
1,NA,渾,1.大水涌流聲。,《說文‧水部》： “渾， 溷流聲也。”,渾,渾
1,NA,渿,2.水聲。,NA,渿,渿
1,NA,湒,1.雨下貌；雨聲。,NA,湒,湒
1,NA,湩,3.鼓聲。 參見“ 湩然 ”。,NA,湩,湩
2,NA,溜溜,2.水流滴聲。,宋 蘇軾 《和陶詩九日閑居》： “鮮鮮霜菊艷， 溜溜糟床聲。”,溜,溜
2,NA,滾雷,1.接連不斷的雷聲。,郭小川 《祝酒歌》： “森林鐵路上， 火車似滾雷。”杜鵬程《保衛延安》第一章： “喊聲像滾雷一樣響。”,滾,雷
2,NA,滿口,1.猶言一口， 口口聲聲。,唐 陸龜蒙 《雜諷》詩之三： “當時布衣士， 亦作天子客。 至今 東方生 ， 滿口自誇白。”,滿,口
3,NA,滿江紅,1.詞牌名。 雙調， 常用為九十三字。 有仄韻和平韻兩體。 仄韻一般用入聲。,南宋 姜夔 始創平韻體， 但用者不多。,滿,紅
1,NA,漠,3.寂靜無聲。,《淮南子‧俶真訓》： “是故傷死者其鬼嬈， 時既者其神漠。”,漠,漠
1,NA,漰,1.水激聲。 參見“ 漰湱 ”。,NA,漰,漰
2,NA,漰湱,1.水浪相激聲。 ; 2.指大雨聲。,《文選‧郭璞＜江賦＞》： “砅巖鼓作， 漰湱澩灂。” ;   清 唐孫華 《大雨嘆》詩之一： “ 長安 五月交， 急雨忽漰湱。”,漰,湱
1,NA,潝,1.流水湍急聲。,《說文‧水部》： “潝， 水流疾聲。”參見“ 潝濞 ”。,潝,潝
2,NA,澎湃,3.水波相擊等聲。,三國 魏 嵇康 《琴賦》： “瀄汩澎湃， 蜿蟺相糾。”,澎,湃
2,NA,瀧瀧,2.水流聲。,宋 蘇軾 《宿南山蟠龍寺》詩： “谷中暗水響瀧瀧， 嶺上疏星明煜煜。”,瀧,瀧
1,NA,瀺,2.水注聲。  ; 3.水聲。,《文選‧馬融〈長笛賦〉》： “顄淡滂流， 碓投瀺穴。” ; NA,瀺,瀺
2,NA,烏烏,2.歌呼聲。,《漢書‧楊惲傳》： “酒後耳熱， 仰天拊缶， 而呼烏烏。”,烏,烏
1,NA,烘,5.用同“ 哄 ”。 眾人同時發聲。 參見“ 烘堂 ”。,NA,烘,烘
2,NA,無名,2.不追求名聲。,《莊子‧逍遙游》： “至人無己， 神人無功， 聖人無名。”,無,名
4,NA,無病呻吟,1.沒有疾病而發出呻吟聲。,宋 辛棄疾 《臨江仙》詞： “百年光景百年心， 更歡須歎息， 無病也呻吟。”,無,吟
1,NA,爆,4.火燒物聲。,唐 韓愈 《答柳柳州食蝦蟆》詩： “叵堪朋類多， 沸耳作驚爆。”,爆,爆
1,NA,爾,9.應諾聲。 猶是。,《南史‧恩倖傳‧戴明寶》： “ 前廢帝 嘗戲云： ‘ 顯度 刻虐為百姓疾， 比當除之。 ’左右因唱‘爾’， 即日宣殺焉。”參見“ 爾爾 ”。,爾,爾
2,NA,爾爾,1.答應聲。 猶是是。,《玉臺新詠‧古詩＜為焦仲卿妻作＞》： “媒人下床去， 諾諾復爾爾。”,爾,爾
2,NA,牙弦,2.借指琴聲。 喻絕唱， 傑作。,唐 裴夷直 《題＜斷金集＞後》詩： “ 牙 弦千古絕， 珠淚萬行新。”,牙,弦
2,NA,牛鐸,1.牛鈴。 亦指牛鈴聲。,《晉書‧荀勗傳》： “初， 勖 於路逢 趙 賈人牛鐸， 識其聲。 及掌樂， 音韻未調， 乃曰： ‘得 趙 之牛鐸則諧矣。 ’遂下郡國， 悉送牛鐸， 果得諧者。”,牛,鐸
1,NA,犨,1.牛息聲。,《說文‧牛部》： “犨， 牛息聲。”,犨,犨
2,NA,狂呼,4.指猛烈的呼嘯聲。,劉白羽 《石油英雄之歌》： “這時， 井噴的狂呼巨嘯， 震得地動天搖。”,狂,呼
1,NA,狺,1.犬吠聲。  ; 2.犬爭鬥；犬爭鬥聲。,《集韻‧平諄》： “狺， 犬吠聲。”參見“ 狺狺 ”。  ; 《廣韻‧平欣》： “狺， 犬爭。”,狺,狺
2,NA,狺狺,1.犬吠聲。,《楚辭‧九辯》： “猛犬狺狺而迎吠兮， 關梁閉而不通。”,狺,狺
1,NA,猇,1.虎吼聲。,《玉篇‧犬部》： “猇， 虎欲齧人聲。”,猇,猇
3,NA,獨腳戲,2.曲藝的一種。 一般由一人或兩三人演出， 生動滑稽， 近於北方相聲。 流行於 滬 杭 等地。,柯靈 《香雪海‧笑的動物》： “ 北京 的相聲、 上海 的獨腳戲之所以為群眾所歡迎， 不是偶然的事。”,獨,戲
2,NA,玄羽,2.謂五音中的羽聲。,唐 員半千 《坤儀廟樂章‧雍和》： “雲感玄羽， 風悽素商。”,玄,羽
1,NA,玉,4.指玉笛聲。,清 《〈長生殿〉序》： “繁絲哀玉， 適足寫其綢繆；短拍長歌， 亦正形其怨咽。”,玉,玉
2,NA,玉啼,2.女人的哭聲。,元 陳旅 《次薩天錫韻》： “千篇傑句諧金奏， 一曲離歌聽玉啼。”,玉,啼
2,NA,玉笙,2.指笙的吹奏聲。,宋 辛棄疾 《臨江仙》詞： “翠袖盈盈渾力薄， 玉笙嫋嫋愁新。”,玉,笙
2,NA,玉笛,3.指笛聲。,明 高濂 《玉簪記‧情見》： “聽玉笛驚春怨， 此際愁腸千萬段。”,玉,笛
2,NA,琳球,2.玉器撞擊聲。,宋 蘇軾 《代書答梁先》詩： “遺我駮石盆與甌， 黑質白章聲琳球。”,琳,球
2,NA,琳琅,4.玉石相擊聲。,《楚辭‧九歌‧東皇太一》： “撫長劍兮玉珥， 璆鏘鳴兮琳琅。”,琳,琅
1,NA,琴,3.指琴聲。,《左傳‧襄公二十九年》： “ 文子 聞之， 終身不聽琴瑟。”,琴,琴
2,NA,琴曲,1.古琴所奏的樂曲， 亦指琴聲。,南朝 梁 庾肩吾 《侍宣猷堂宴湘東王應令》詩： “竹徑簫聲發， 桐門琴曲愁。”,琴,曲
1,NA,瑣,1.細碎的玉聲。,《說文‧玉部》： “瑣， 玉聲也。”,瑣,瑣
1,NA,璆,2.佩玉相擊聲。,《楚辭‧九歌‧東皇太一》： “撫長劍兮玉珥， 璆鏘鳴兮琳琅。”,璆,璆
3,NA,男高音,1.高音的男聲。 按音色特點， 可分為抒情男高音、戲劇男高音等。,李凌 《音樂雜談‧雜談歌唱家的音色》： “最近聽了兩位男高音歌者的演唱。”,男,音
2,NA,疊漏,2.連續的更漏聲。,唐 李頻 《長安即事》詩： “中夜永懷聽疊漏， 先秋歸夢涉層波。”,疊,漏
2,NA,疊鼓,2.指擊鼓聲。,宋 蘇軾 《游博羅香積寺》詩： “霏霏落雪看收麵， 隱隱疊鼓聞舂糠。”,疊,鼓
2,NA,疾雷,1.急遽發出的雷聲。 ; 2.比喻洶涌的波濤聲。,《莊子‧齊物論》： “疾雷破山飄風振海而不能驚。” ; 《文選‧枚乘＜七發＞》： “﹝濤﹞似神而非者三： 疾雷聞百里；江水逆流， 海水上潮；山出內雲， 日夜不止。”,疾,雷
1,NA,發,61.猶發發。 像疾風聲。,《詩‧檜風‧匪風》： “匪風發兮， 匪車偈兮， 顧瞻周道， 中心怛兮。”,發,發
2,NA,發聞,2.猶聞名， 傳揚名聲。,《國語‧齊語》： “於子之鄉， 有居處好學、慈孝於父母、聰慧質仁、發聞於鄉里者， 有則以告。”,發,聞
2,NA,發聲,1.發出聲響。 也指發出一聲。 ; 2.透露風聲。,《禮記‧月令》： “﹝仲春之月﹞是月也， 日夜分， 雷乃發聲。” ; 《史記‧平原君虞卿列傳》： “ 秦 索六城於王， 而王以六城賂 齊 ……王以此發聲， 兵未窺於境， 臣見 秦 之重賂至 趙 而反媾於王也。”,發,聲
2,NA,發調,3.指出口， 出聲。,清 李漁 《閑情偶寄‧詞曲上‧音律》： “無眼之棋， 死棋也， 看不動情， 唱不發調者。”,發,調
1,NA,皋,4.緩慢而拖長的呼喚聲。,《禮記‧禮運》： “及其死也， 升屋而號， 告曰： ‘皋某復！’” 孔穎達 疏： “皋， 引聲之言。”,皋,皋
2,NA,盜名,1.竊取名聲。,《荀子‧不苟》： “是姦人將以盜名於晻世者也。”,盜,名
2,NA,盜聲,1.猶奪聲。,宋 晁載之 《續談助》卷四引四皓答 張良 書： “當 秦 項 之艱難， 力不能負干戈。 攜手逃走， 避役山草， 倚朽若立， 循水似濟， 遂使青蠅盜聲於晨雞， 魚目竊價於 隋 珠。”,盜,聲
2,NA,直聲,2.正直的名聲。,唐 元稹 《白居易授尚書主客郎中知制誥制》： “ 元和 初， 對詔稱旨， 翱翔翰林， 藹然直聲， 留在人口。”,直,聲
1,NA,相,16.舂穀時的號子聲。,《禮記‧曲禮上》： “鄰有喪， 舂不相。”,相,相
1,NA,砧,2.搗衣聲。,南朝 梁 柳惲 《搗衣》詩之四： “軒高夕杵散， 氣爽夜碪鳴。”,砧,砧
1,NA,砰,2.發出大聲。,唐 吳武陵 《遺孟簡書》： “霆砰電射， 天怒也， 不能終朝。”,砰,砰
2,NA,破聲,2.猶放聲。,茅盾 《子夜》二： “這一句即景生情的俏皮話， 引得一些哭喪着臉兒的投機失敗者也破聲笑了。”,破,聲
2,NA,硠磕,1.雷聲。 ; 2.物相擊聲。,漢 王逸 《九思‧怨上》： “雷霆兮硠磕， 雹霰兮霏霏。”一本作“ 硠磕 ”。  ; 《東觀漢記‧光武帝紀》： “門下有繫馬著鼓者， 馬驚硠磕， 鄧晨 起走出視之， 乃馬也。”,硠,磕
1,NA,碀,1.破裂聲。  ; 2.同“ 琤 ”。 石聲。,NA; NA,碀,碀
1,NA,磌,1.石落聲。,《公羊傳‧僖公十六年》： “霣石記聞， 聞其磌然， 視之則石， 察之則五。”,磌,磌
1,NA,磕,1.大聲。  ; 2.物體下墜聲。,《漢書‧揚雄傳上》： “登 長平 兮雷鼓磕， 天聲起兮勇士厲。” ;   唐 皇甫□ 《原化記‧京都儒士》： “此人凜然強起， 把劍一揮， 應手落擘， 磕然有聲。”,磕,磕
2,NA,磕叉,1.亦作“ 磕槎 ”。 砍砸斬殺聲。,元 無名氏 《小尉遲》第二摺： “把鋼鞭忙向手中抬， 磕叉， 打的他連盔夾腦半斜歪。”,磕,叉
2,NA,磕撲,2.心跳聲。,元 尚仲賢 《氣英布》第四摺： “至今說起， 俺這心膽還是磕撲磕撲的跳。”,磕,撲
1,NA,礐,3.水擊石聲。 亦指水擊石。,《文選‧木華〈海賦〉》： “彯沙礐石。”,礐,礐
1,NA,礭,1.水激石險峻不平貌。 一說水激石聲。,劉良 注： “石聲也。”,礭,礭
1,NA,祝,5.呼雞聲。 參見“ 祝雞 ”。,NA,祝,祝
1,NA,秋,13.古以五音配四時， 商為秋， 因以秋指商聲。,NA,秋,秋
4,NA,空谷傳聲,1.人在山谷裡發出聲音， 即可聽到回聲。 語本 南朝 梁武帝 《凈業賦》： “若虛谷之應聲， 似游形之有影。”,《千字文》： “空谷傳聲， 虛堂習聽。”,空,聲
2,NA,立名,1.樹立名聲。,《史記‧伯夷列傳》： “閭巷之人， 欲砥行立名者， 非附青雲之士， 惡能施于後世哉？” 北齊 顏之推 《顏氏家訓‧名實》： “上士忘名， 中士立名， 下士竊名。”,立,名
2,NA,竹籟,2.指笛聲。,元 貢師泰 《過仙霞嶺》詩： “竹籟笙鳳鳴， 藤雨淵珠滴。”,竹,籟
2,NA,笛韻,1.謂笛發出樂聲。 ; 2.笛發出的樂聲。,北周 庾信 《對酒歌》： “箏鳴 金谷園 ， 笛韻 平陽 塢。” ; 《紅樓夢》第七六回： “正說間， 只聽笛韻悠揚起來。”,笛,韻
2,NA,簧言,1.簧片振鳴。 比喻動聽的樂聲。,唐 劉禹錫 《唐侍御寄游道林岳麓二寺詩並沈中丞姚員外所和見徵繼作》： “泉清石布博棋子， 蘿密鳥韻如簧言。”,簧,言
2,NA,粥粥,2.雞相呼聲。 引申為眾口藉藉， 聲音嘈雜。,唐 韓愈 《琴操‧雉朝飛》： “隨飛隨啄， 群雌粥粥。”,粥,粥
2,NA,絃管,2.指彈奏絲竹；絲竹樂聲。,前蜀 韋莊 《上行杯》詞之一： “滿樓絃管， 一曲離腸寸寸斷。”,絃,管
2,NA,緩聲,1.指柔緩的樂聲或歌聲。,唐 白居易 《小童薛陽陶吹觱篥歌》： “緩聲展引長有條， 有條直直如筆描。”,緩,聲
1,NA,繄,1.嘆聲。,唐 沈亞之 《湘中怨》： “﹝ 鄭生 ﹞見有艷女， 繄然蒙袖曰： ‘我孤， 養于兄。 嫂惡， 常苦我。 今欲赴水， 故留哀須臾。 ’” 元 王綸 《水深嘆》： “皁胥自此從隳突， 妻子何時免啾唧？繄太守兮民之父母， 盍自省兮爾俸爾秩？”,繄,繄
1,NA,繣,3.破裂聲。,《文選‧潘岳〈西征賦〉》： “砰揚桴以振塵， 繣瓦解而冰泮。”,繣,繣
2,NA,繼聲,1.猶曼聲。,唐 元稹 《善歌如貫珠賦》： “珠以編次， 歌有繼聲；美綿綿而不絕， 狀纍纍以相成。”,繼,聲
2,NA,翔風,2. 晉 石崇 愛婢名。 相傳善別玉聲。 見 晉 王嘉 《拾遺記‧晉時事》。,清 錢謙益 《病榻消寒雜詠》之三八： “十指琴心傳漏月， 千行珮響從 翔風 。”,翔,風
2,NA,翠粲,1.同“ 萃蔡 ”。 衣服相擦聲。 ; 2.枝葉搖動聲。,《文選‧嵇康〈琴賦〉》： “新衣翠粲， 纓徽流芳。”一說， 色彩鮮明貌。 見 李周翰 注。  ;   漢 應瑒 《竦迷迭賦》： “振纖枝之翠粲， 動採葉之莓莓。”,翠,粲
2,NA,翰音,2.飛向高空的聲音。 比喻徒有虛聲。,《易‧中孚》： “翰音登于天， 貞凶。”,翰,音
2,NA,翽翽,1.鳥飛聲。,《詩‧大雅‧卷阿》： “鳳凰于飛， 翽翽其羽。”,翽,翽
1,NA,聞,1.聲譽， 名聲。,《詩‧大雅‧卷阿》： “顒顒邛邛， 如圭如璋， 令聞令望。”,聞,聞
2,NA,聞名,1.聽到名字或名聲。,《禮記‧雜記》： “見似目瞿， 聞名心瞿。”,聞,名
1,NA,聲,4.善聲；名聲。  ; 10.做聲；出聲。,《詩‧大雅‧文王有聲》： “ 文王 有聲， 遹駿有聲。” ; 《儀禮‧士虞禮》： “祝升， 止哭， 聲三， 啟戶。”,聲,聲
2,NA,聲名,1.名聲。,《禮記‧祭統》： “銘者， 論譔其先祖之有德善、功烈、勳勞、慶賞、聲名， 列於天下， 而酌之祭器。 自成其名焉， 以祀其先祖者也。”,聲,名
2,NA,聲塵,3.指名聲。,南朝 梁 劉孝標 《自序》： “余聲塵寂寞， 世不吾知， 魂魄一去， 有同秋草。”,聲,塵
2,NA,聲施,2.為世人所傳揚的名聲。,清 袁枚 《隨園詩話》卷六： “今 裘 （ 裘叔度 ）官至尚書， 聲施赫奕。”,聲,施
2,NA,聲浪,2.借指社會上的某種論調或呼聲。,毛澤東 《新民主主義論》一： “但是近來的妥協空氣， 反共聲浪， 忽又甚囂塵上， 又把全國人民打入悶葫蘆裏了。”,聲,浪
2,NA,聲聞,2.亦作“ 聲問 ”。 名聲。,《荀子‧大略》： “德至者色澤洽， 行盡而聲問遠。”,聲,聞
3,NA,聲聲慢,1.詞牌名。 又名《聲聲慢》、《人在樓上》。 雙調， 字數自九十五字至九十九字， 分平韻， 仄韻兩體， 仄韻例用入聲。,NA,聲,慢
2,NA,聲調,3.漢字字音的高低升降。 古漢語的聲調有平、上、去、入四類。 普通話的聲調有陰平、陽平、上聲、去聲四類， 另有輕聲。,王力 《中國古典文論中談到的語言形式美》： “漢語是元音占優勢的語言， 而又有聲調的區別， 這樣就使它特別富於音樂性。”,聲,調
2,NA,聲響,4.響聲。  ; 5.出聲， 做聲。,南朝 齊 王融 《游仙詩》之五： “遠翔馳聲響， 流雪自飄飄。” ;   冰心 《斯人獨憔悴》： “二少爺從門外經過的時候， 他們都笑着請了安， 他卻皺着眉， 搖一搖頭， 不叫他們聲響， 悄悄的走進裏院去。”,聲,響
1,NA,聽,1.以耳受聲。,《書‧泰誓中》： “天視自我民視， 天聽自我民聽。”,聽,聽
3,NA,脆生生,2.清脆悅耳。 多指聲音。 端木蕻良《朱刀子》： “說着他丟了十塊花邊在桌子上， 銀元發出脆生生的響聲。”,楊朔 《北線》十七： “通訊員 小張 用脆生生的嗓子問道： ‘你怎麼知道呢？’”,脆,生
2,NA,脩名,1.美好的名聲。,《楚辭‧離騷》： “老冉冉其將至兮， 恐脩名之不立。”,脩,名
2,NA,芔歙,1.風動林木聲。,NA,芔,歙
2,NA,芬芳,2.比喻美好的德行或名聲。,漢 崔瑗 《座右銘》： “行之苟有恒， 久久自芬芳。”,芬,芳
2,NA,芳馨,2.喻美好的名聲。,清 張大受 《慕廬先生還朝》詩： “出處古來雲變化， 芳馨誰播史書中。”,芳,馨
2,NA,英聲,1.美好的名聲。,漢 司馬相如 《封禪文》： “俾萬世得激清流， 揚微波， 蜚英聲， 騰茂實。”,英,聲
2,NA,蕭寥,2.風雨聲。,唐 孟郊 《溧陽秋霽》詩： “晚雨曉猶在， 蕭寥激前階。”,蕭,寥
2,NA,藏名,1.隱匿名聲。,南朝 梁 簡文帝 《七勵》： “賣藥無藏名之老， 河 泗 無洗耳之翁。”,藏,名
2,NA,虛籟,1.空寂無聲。,《文選‧謝莊＜月賦＞》： “聲林虛籟， 淪池滅波。”,虛,籟
2,NA,虛聲,4.空谷間傳出的回聲。,唐 姚崇 《故洛陽城侍宴應制》詩： “川鳧連倒影， 巖鳥應虛聲。”,虛,聲
2,NA,虛譽,1.虛假的名聲。,《漢書‧公孫弘傳》： “位在宰相封侯， 而為布被脫粟之飯……與內富厚而外為詭服以釣虛譽者殊科。”,虛,譽
2,NA,號咷,2.指大哭聲。,唐 杜甫 《自京赴奉先縣詠懷五百字》： “入門聞號咷， 幼子飢已卒。”,號,咷
2,NA,號角,2.指號角聲。,袁鷹 《悲歡》： “陣陣號角， 聲聲戰鼓， 在耳邊震響。”,號,角
1,NA,蟬,1.昆蟲名。 夏秋間由幼蟲蛻化而成， 吸樹汁為生。 雄的腹部有發聲器， 能連續發聲。 種類很多。 俗稱蜘蟟、知了。,《荀子‧大略》： “飲而不食者， 蟬也。”,蟬,蟬
2,NA,蟲響,1.指蟬聲。,唐 駱賓王 《在獄詠蟬》詩序： “豈人心異於曩時， 將蟲響悲於前聽。”,蟲,響
2,NA,蠻蠻,3.鳥聲。,唐 韋應物 《聽鶯曲》詩： “忽似上林翻下苑， 綿綿蠻蠻如有情。 欲囀不囀意自嬌， 羌兒弄笛曲未調。”,蠻,蠻
2,NA,行漏,2.指漏壺滴水聲。,唐 盧綸 《皇帝感詞》詩： “高旍花外轉， 行漏樂前聞。”,行,漏
2,NA,裂帛,2.指撕裂繒帛發出的清厲聲。,唐 白居易 《琵琶行》： “曲終收撥當心畫， 四絃一聲如裂帛。”,裂,帛
2,NA,親譽,2.慈愛的心和美好的名聲。,唐玄宗 《＜孝經＞序》： “及乎仁義既有， 親譽益著。”,親,譽
2,NA,角韻,2.角聲。,前蜀 貫休 《懷錢塘羅隱章魯封》詩： “風澀潮聲惡， 天寒角韻孤。”,角,韻
2,NA,訌訌,1.哄鬧聲。,宋 徐鉉《稽神錄‧蜂餘》： “及就寢， 惟聞訌訌之聲。”,訌,訌
2,NA,託名,1.寄托名聲。,《漢書‧韋玄成傳》： “古之辭讓， 必有文義可觀， 故能垂榮於後。 今子獨壞容貌， 蒙恥辱， 為狂癡， 光曜晻而不宣。 微哉！子之所託名也。”,託,名
2,NA,許許,1.勞動時共同出力的呼聲。,《詩‧小雅‧伐木》： “伐木許許， 釃酒有藇。”,許,許
2,NA,詩聲,2.作詩的名聲。,宋 陸游 《遣興》詩： “酒量愁翻減， 詩聲老轉低。”,詩,聲
2,NA,話名,2.口頭流傳的名聲。  ; 2.口頭流傳的名聲。,明 高明 《琵琶記‧祝發買葬》： “這是孝婦的頭髮， 剪來斷送公婆的。 我留在家中， 不惟傳留做個話名， 後日 蔡伯喈 回來， 將與他看， 也使他惶愧。” ;   明 高明 《琵琶記‧祝發買葬》： “這是孝婦的頭髮， 剪來斷送公婆的。 我留在家中， 不惟傳留做個話名， 後日 蔡伯喈 回來， 將與他看， 也使他惶愧。”,話,名
2,NA,語話,2.話語；說話聲。,五代 齊己 《寄孫闢呈鄭谷郎中》詩： “雪長松檉格， 茶添語話香。”,語,話
2,NA,諧聲,1.六書之一。 即形聲。 意符(即形符)和聲符並用的造字法。,《周禮‧地官‧保氏》“五曰六書” 鄭玄 注引 漢 鄭司農 曰： “六書： 象形， 會意， 轉注， 處事， 假借， 諧聲也。”,諧,聲
1,NA,諾,1.表示同意、遵命的答應聲。,《後漢書‧光武帝紀上》： “諸將憂迫， 皆曰‘諾’。”,諾,諾
1,NA,謷,2.眾嘆聲。 參見“ 謷謷 ”。,NA,謷,謷
2,NA,警鈴,1.報警用的鈴；亦指報警的鈴聲。,艾蕪 《百煉成鋼》第二十章二： “裝入機在走道上， 轉來轉去， 不斷地響着警鈴。”,警,鈴
3,NA,谷碌碌,1.翻滾聲。,《醒世恒言‧張廷秀逃生救父》： “那老兒着了急， 走到樓梯中間， 一腳踏錯， 谷碌碌滾下去。”,谷,碌
2,NA,豗穨,2.轟響聲。,NA,豗,穨
2,NA,象聲,1.即形聲。 “六書”之一， 是漢字的一種造字方法。 用意符和聲符兩部分組成字， 意符表示該字所屬的意義範疇， 聲符表示該字的聲音。,《漢書‧藝文志》： “古者八歲入小學， 故《周官》保氏掌養國子， 教之六書， 謂象形、象事、象意、象聲、轉注、假借， 造字之本也。”,象,聲
2,NA,負聲,2.享有名聲。,王闓運 《上征賦》： “伊 左卿 之負聲兮， 宜憂近而慮遠。”,負,聲
1,NA,資,24.通“ 咨 ”。 嘆息聲。,NA,資,資
2,NA,起起,1.呼人起立聲。 ; 2.催促聲。,《後漢書‧鄭玄傳》： “五年春， 夢 孔子 告之曰： ‘起起， 今年歲在辰， 來年歲在巳。 ’既寤， 以讖合之， 知命當終， 有頃寢疾……不得已， 載病到 元城縣 ， 疾篤不進， 其年六月卒。” ;   清 黃遵憲 《潮州行》： “起起呼使坐， 軟語相慰撫。”,起,起
1,NA,趨,10.古樂府大曲的尾聲。,《樂府詩集‧相和歌辭序》： “諸調曲皆有辭有聲， 而《大曲》又有艷有亂……艷在曲之前， 趨與亂在曲之後。”,趨,趨
1,NA,跫,1.腳步聲。,宋 黃庭堅 《送彥孚主簿》詩： “伏藏鼪鼯徑， 猶想足音跫。”參見“ 跫然 ”。,跫,跫
2,NA,輕口,2.輕聲， 小聲。,《說唐》第七回： “﹝走堂的﹞悄悄對主人 吳廣 說道： ‘……此人莫非是個響馬強盜？’ 吳廣 叫聲‘輕口， 不可泄漏。 ’”,輕,口
2,NA,輕聲,1.低聲。 ; 2.漢語有些詞裡的音節或句子裡的詞的音， 念得又輕又短， 叫做“輕聲”， 也叫“輕音”。 輕聲現象跟前後語音環境、音的高低、長短和音質都有一定關係， 跟語法也有密切關係， 有時還有辨別詞義的作用。 如普通語中的“了、着、的”等虛詞和做後綴的“子、頭”等字都念輕聲。 有些雙音詞的第二字也念輕聲， 如“夢蔔”的“蔔”， “地方”的“方”。,茅盾 《子夜》一： “第一輛車的司機輕聲地對坐在他旁邊的穿一身黑拷綢衣褲的彪形大漢說： ‘ 老關 ！是 戴生昌 罷？’” ; NA,輕,聲
1,NA,輵,1.車聲。,《文選‧揚雄〈羽獵賦〉》： “皇車幽輵， 光純天地。”,輵,輵
1,NA,轉,26.通“ 囀 ”。 婉轉發聲。 亦指婉轉的歌聲。,《文選‧謝朓〈和伏武昌登孫權故城〉》： “舞館識餘基， 歌梁想遺轉。”,轉,轉
2,NA,透風,1.比喻透露消息、風聲。,元 無名氏 《小尉遲》第一摺： “你這般大驚小怪氣沖沖， 早難道軍情不透風。”,透,風
2,NA,連口,1.猶連聲。,《豆棚閑話‧虎丘山賈清客聯盟》： “﹝ 老一 ﹞歡天喜地， 拂塵看座， 連口喚茶， 一番熱鬧。”,連,口
2,NA,連聲,1.一聲緊接一聲。,《敦煌變文集‧漢將王陵變》： “ 項羽 連聲唱禍事， 不遣諸門亂出兵。”,連,聲
2,NA,逸聲,1.淫聲。 ; 2.高聲。,《國語‧楚語下》： “夫 闔廬 口不貪嘉味， 耳不樂逸聲。” ; 《藝文類聚》卷九一引 晉 陸善 《長鳴雞賦》： “何伺晨之早發， 抗長音之逸聲。”,逸,聲
2,NA,逸韻,2.美妙動聽的樂聲、歌聲。,《宋書‧樂志四》： “逸韻騰天路， 穨響結城阿。”,逸,韻
2,NA,遺名,2.謂留傳名聲。  ; 3.垂留後世之名聲。,《三國志‧蜀志‧呂凱傳》： “上以報國家， 下不負先人， 書功竹帛， 遺名千載。” ; 《文選‧班固＜幽通賦＞》： “保身遺名， 民之表兮。”,遺,名
2,NA,遺聲,4.謂留下好名聲。,三國 魏 曹植 《任城王誄》： “王雖薨徂， 功著丹青。 人誰不沒， 貴有遺聲。”,遺,聲
2,NA,遺音,5.哀聲。,《易‧小過》“飛鳥遺之音” 唐 孔穎達 疏： “遺， 失也。 鳥之失聲， 必是窮迫未得安處。,遺,音
2,NA,邊角,1.邊地的畫角或畫角聲。,唐 白居易 《賦得邊城角》詩： “邊角兩三枝， 霜天 隴 上兒。”,邊,角
2,NA,邊音,1.猶邊聲。,劉師培 《南北文學不同論》： “若夫 高 、 常 、 崔 、 李 ， 詩帶邊音， 粗厲猛起； 張 、 孟 、 賈 、 盧 ， 思若語奇， 縋幽鑿險， 皆北方之詩也。”,邊,音
1,NA,邪,8.勞動時眾人協調動作， 一齊用力發出的呼聲。,清 黃宗羲 《明夷待訪錄‧原臣》： “夫治天下猶曳大木然， 前者唱邪， 後者唱許。”參見“ 邪許 ”。,邪,邪
2,NA,鄒查,1.小語聲。,宋 辛棄疾 《南渡錄》： “是日申刻， 有北兵三百餘人， 首領見 澤利 ， 下馬作禮， 言語鄒查， 不可辨。”,鄒,查
2,NA,醜聲,1.猶惡聲。 ; 2.壞名聲。,《淮南子‧詮言訓》： “方船濟乎 江 ， 有虛船從一方來， 觸而覆之， 雖有忮心， 必無怨色。 有一人在其中， 一謂張之， 一謂歙之， 再三呼而不應， 必以醜聲隨其後。” ; 《後漢書‧方術傳下‧公沙穆》： “ 穆 到官， 謁曰： ‘臣始除之日， 京師咸謂臣曰“ 繒 有惡侯”， 以弔小相。 明侯何因得此醜聲之甚也？’” 唐 韓愈 《題合江亭寄刺史鄒君》詩： “勝事誰復論， 醜聲日已播。”,醜,聲
2,NA,金商,2.指秋令；秋聲。 秋於五行為金， 於五音為商， 商為金音， 其音凄厲， 於時為秋。,三國 魏 鍾會 《菊花賦》： “挺葳蕤於蒼春兮， 表壯觀乎金商。”,金,商
2,NA,金奏,2.泛指音樂或樂聲。,南朝 宋 顏延之 《五君詠‧阮咸》： “達音何用深， 識微在金奏。”,金,奏
2,NA,金石,6.指鐘磬發出的樂聲。,唐 張喬 《宴邊將》詩： “一曲《梁州》金石清， 邊風蕭颯動江城。”,金,石
2,NA,金聲,1.指鉦聲。 ; 2.指鐘聲。  ; 3.指金石聲。,《荀子‧議兵》： “聞鼓聲而進， 聞金聲而退。” ;   唐 沈佺期 《同李舍人冬日集安樂公主山池》詩： “興盡方投轄， 金聲還復傳。” ;   唐 唐彥謙 《亂後經表兄瓊華觀舊居》詩： “醉中篇什金聲在， 別後音書錦字空。”,金,聲
1,NA,鈴,1.以銅鐵為圓殼， 下面微裂， 置金屬丸於內， 搖則發聲。 大小不一。 多懸於車衡上、馬頸下或旗杆頂。 也有作為服飾的。  ; 4.比喻小聲。,《詩‧周頌‧載見》： “龍旂陽陽， 和鈴央央。” ;   漢 揚雄 《法言‧吾子》： “好說而不要諸 仲尼 ， 說鈴也。”,鈴,鈴
2,NA,銜枚,3.泛指寂靜無聲。,《文選‧枚乘＜七發＞》： “迴翔 青篾 ， 銜枚 檀桓 。”,銜,枚
2,NA,銷聲,2.默不作聲。,唐 玄奘 《大唐西域記‧摩揭陀國上》： “僧徒肅穆， 學業清高， 外道學人， 銷聲緘口。”一本作“鎮聲”。,銷,聲
1,NA,鋗,2.鳴玉聲。 參見“ 鋗玉 ”。,NA,鋗,鋗
1,NA,鍚,1.馬額上皮革飾物。 上綴金屬， 半月形， 馬走動時振動有聲。,《詩‧大雅‧韓奕》： “玄袞赤舄， 鉤膺鏤鍚。”,鍚,鍚
2,NA,鍾漏,2.指報時的鐘聲。,唐 元稹 《餘杭周從事以十章見寄聊和詩首篇》： “清夜笙歌喧四郭， 黃昏鍾漏下重關。”,鍾,漏
2,NA,鏘洋,1.德音， 美好的名聲。  ; 2.金玉碰擊發聲。  ; 3.泛指發出美好的樂聲。,《文選‧王儉＜褚淵碑文＞》： “怊悵餘徽， 鏘洋遺烈。” ;   唐 魏徵 《奉和正日臨朝應詔》： “鏘洋鳴玉佩， 灼爍耀金蟬。” ;   唐 薛元超 《奉和同太子監守違戀》： “欲應重輪曲， 鏘洋韻《九韶》。”,鏘,洋
2,NA,鏘金,1.撞擊金屬器物而發聲。,南朝 梁 費昶 《詠入幌風》： “鏘金驅響至， 舉袂送芳來。”,鏘,金
2,NA,鏜鎝,1.鐘鼓聲。,隋 江總 《橫吹曲》： “鏜鎝《漁陽摻》， 怨抑胡笳斷。”,鏜,鎝
1,NA,鏿,1.鐘聲。,NA,鏿,鏿
1,NA,鐃,2.一種打擊樂器。 形製與鈸相似， 唯中間隆起部分較小， 其徑約當全徑的五分之一。 以兩片為一副， 相擊發聲。 大小相當的鐃與鈸， 鐃所發的音低於鈸而餘音較長。,清 梁章鉅 《歸田瑣記‧請鑄大錢》： “又如大小鉦鐃， 與鼓相配而鳴者， 為歲首戲樂之具。 從前惟富戶乃有之， 近則中小戶亦多有之。”,鐃,鐃
1,NA,鐔,1.劍柄末端的突起部分， 狀如蕈類， 中空， 上有孔， 吹而有聲。 也稱劍首、劍珥、劍鼻。,《莊子‧說劍》： “天子之劍， 以 燕谿 石城 為鋒， 齊岱 為鍔， 晉 魏 為脊， 周 宋 為鐔， 韓 魏 為夾。”,鐔,鐔
2,NA,鐘漏,2.指報時的鐘聲。,唐 元稹 《餘杭周從事以十章見寄聊和詩首篇》： “清夜笙歌喧四郭， 黃昏鐘漏下重關。”,鐘,漏
2,NA,鐵馬,2.檐鈴。 懸於檐間的鈴， 風吹發聲。,元 王實甫 《西廂記》第二本第四摺： “莫不是鐵馬兒簷前驟風。”,鐵,馬
1,NA,鐸,2.鈴鐺。 晃蕩發聲。 一般為球形或扁圓形， 下開一條口， 內置金屬丸或小石子。 用於牛馬佩掛等。,《晉書‧荀勖傳》： “ 勖 於路逢 趙 賈人牛鐸， 識其聲。”,鐸,鐸
1,NA,鑅,1.鐘聲。,《玉篇‧金部》： “鑅， 鐘聲。”,鑅,鑅
2,NA,鑼鼓,2.指這類打擊樂器發出的響聲。,洪深 《歌女紅牡丹》第十五本： “ 紅老闆 ， 你鑼鼓沒聽真麼？” 楊沫 《花蕊》： “我嫌京戲鑼鼓太響。”,鑼,鼓
1,NA,闒,6.通“ 鞈 ”。 鼙聲。,《周禮‧夏官‧大司馬》： “中軍以鼙令鼓” 鄭玄 注引《司馬法》： “鼓聲不過閶， 鼙聲不過闒。”,闒,闒
2,NA,闛鞈,1.鐘鼓聲。,《文選‧司馬相如＜上林賦＞》： “鏗鎗闛鞈， 洞心駭耳。”,闛,鞈
2,NA,陰聲,1.古代以清濁高下將聲音分成陰陽二類。 聲音濁而低的稱陰聲。,《周禮‧春官‧大師》： “陰聲， 大呂， 應鍾， 南呂， 函鍾， 小呂， 夾鍾。”,陰,聲
2,NA,雅鄭,1.雅樂和 鄭 聲。 古代儒家以 鄭 聲為淫邪之音。 因以“雅鄭”指正聲和淫邪之音。 語本 漢 揚雄 《法言‧吾子》： “或問： 交五聲十二律也， 或雅或 鄭 ， 何也？曰： 中正則雅， 多哇則 鄭 。”,三國 魏 曹植 《當事君行》： “人生有所尊尚， 出門各異情；朱紫更相奪色， 雅鄭異音聲。”,雅,鄭
1,NA,雷,1.雲層放電時發出的響聲。,《詩‧召南‧殷其雷》： “殷其雷， 在南山之陽。”,雷,雷
2,NA,雷車,2.雷聲。,宋 陸游 《七月十九日大風雨雷電》詩： “雷車動地電火明， 急雨遂作盆盎傾。”喻轟鳴的濤聲。,雷,車
2,NA,雷音,1.雷聲。,《初學記》卷二引 南朝 梁簡文帝 《開霽》詩： “雷音稍入嶺， 電影尚連城。”,雷,音
2,NA,雷鼓,4.指大鼓發出的如雷鼓聲。  ; 6.指雷， 雷聲。,唐 盧綸 《和張僕射塞下曲》之四： “野幕敞瓊筵， 羌戎賀勞旋。 醉和金甲舞， 雷鼓動山川。” ; 《管子‧內業》： “不言之聲， 疾於雷鼓；心氣之形， 明於日月。”,雷,鼓
2,NA,震厲,1.雷聲。 雷聲猛烈， 故稱。,《魏書‧崔光韶傳》： “ 光韶 性嚴， 聲韻抗烈， 與人平談， 常若震厲。”,震,厲
2,NA,震電,3.喻隆隆的車聲。,清 魏源 《天臺石梁雨後觀瀑歌》： “重岡四合如重城， 震電萬車爭殷轔。”,震,電
2,NA,霈霈,1.波浪相擊聲。,《文選‧宋玉＜高唐賦＞》： “奔揚踊而相擊兮， 雲興聲之霈霈。”,霈,霈
2,NA,霜猿,2.指霜夜猿啼聲。,唐 薛能 《華岳》詩： “羽客時應見， 霜猿夜可聽。”,霜,猿
2,NA,霜磬,2.指磬聲。,宋 梅堯臣 《甘露寺》詩： “川濤觀 海若 ， 霜磬入 江 濆。”,霜,磬
2,NA,霰雪,2.借指霰雪落地聲。,宋 張元幹 《夜游宮》詞： “擁紅爐， 灑窗間， 聞霰雪。”,霰,雪
1,NA,靃,1.迅疾發語聲。,《逸周書‧商誓》： “王曰： ‘靃， 予天命’” 朱右曾 校釋： “靃， 急疾聲也。”,靃,靃
2,NA,靈氣,6.指美好的名聲。,宋 王安石 《祭歐陽文忠公文》： “其出處進退又庶乎英魄靈氣， 不隨異物腐散而長在乎 箕山 之側與 潁水 之湄。”,靈,氣
2,NA,靈籟,3.指風聲。,明 楊慎 《江陰秋熱八月作》詩： “靈籟無清吹， 嵐光滅翠微。”,靈,籟
2,NA,靈雛,2.喻指傑出的後輩。 語本 唐 李商隱 《韓冬郎即席為詩相送因成二絕寄酬》之一： “桐花萬里丹山路， 雛鳳清於老鳳聲。”,清 孫枝蔚 《壽張康侯母晏太夫人》詩： “淚竹斑多徵節操， 靈雛年小擅文章。”,靈,雛
2,NA,靈音,2.猶梵音。 頌經聲。,唐 王勃 《益州德陽縣善寂寺碑》： “涅槃甘露， 承眷而宵流；船若靈音， 雜祥以晝引。”,靈,音
1,NA,靜,2.寂靜， 無聲。  ; 3.默不作聲。,《楚辭‧九章‧懷沙》： “眴兮杳杳， 孔靜幽默。” ; 《禮記‧玉藻》： “君子之容舒遲， 見所尊者齊遫。 足容重， 手容恭， 目容端， 口容止， 聲容靜。”,靜,靜
2,NA,靜默,2.肅立不做聲。 表示悼念。,魯迅 《集外集拾遺‧南京民謠》： “大家去謁靈， 強盜裝正經。 靜默十分鐘， 各自想拳經。”,靜,默
1,NA,鞜,2.鼓聲。,《集韻‧入合》： “鞜， 《說文》： 鼓聲也。 古作鞈， 或作鞜。”,鞜,鞜
2,NA,鞭聲,2.策馬揚鞭時的響聲。 亦借指征戰。,宋 陸游 《出朝天門由小西門歸》詩： “澹日向人供帽影， 微風傍馬助鞭聲。”,鞭,聲
2,NA,音調,2.指樂曲的旋律。 泛指樂聲。,宋 危稹 《漁家傲‧和晏虞卿詠侍兒彈箜篌》詞： “十四條絃音調遠， 柳絲不隔芙蓉面。”,音,調
1,NA,響,1.回聲。,《易‧繫辭上》： “其受命也如響。”,響,響
2,NA,響亮,3.大的響聲。,《武王伐紂平話》卷中： “見群花深處， 聞一聲響亮， 文武皆驚。”,響,亮
2,NA,響頭,2.指頭部與他物相撞發聲。,魯迅 《吶喊‧阿Ｑ正傳》： “ 阿Ｑ 在形式上打敗了， 被人揪住黃辮子， 在壁上碰了四五個響頭。”,響,頭
2,NA,顯名,1.顯耀的名聲。,《禮記‧中庸》： “壹戎衣而有天下， 身不失天下之顯名。”,顯,名
2,NA,風琴,2.懸掛在屋檐下的金屬片， 遇風相擊發聲。,明 楊慎 《升庵詩話‧風箏詩》： “古人殿閣、簷稜間有風琴、風箏， 皆因風動成音， 自諧宮商。”,風,琴
2,NA,風笛,1.風中的笛聲。 ; 2.指輪船的汽笛聲。,唐 鄭谷 《淮上與友人別》詩： “數聲風笛離亭晚， 君向 瀟湘 我向 秦 。” ;   郁達夫 《海上通信》： “ 揚子江 頭， 數聲風笛， 我又上了這天涯飄泊的輪船。”,風,笛
2,NA,風箏,2.懸掛在殿閣塔檐下的金屬片， 風起作聲。 又稱“鐵馬”。,唐 李白 《登瓦官閣》詩： “兩廊振法鼓， 四角吟風箏。”,風,箏
2,NA,風角,2.角笛聲。,唐 賈島 《行次漢上》詩： “ 漢 主廟前 湘水 碧， 一聲風角夕陽低。”,風,角
2,NA,風輪,1.寺觀建築上的一種裝飾物， 靠風力轉動發聲。,南朝 梁 劉孝綽 《酬陸長史倕》詩： “影塔圖花樹， 經臺總香藥。 月殿曜朱旛， 風輪和寶鐸。”,風,輪
2,NA,風音,1.風聲。,唐 孟郊 《寒溪》詩： “冰齒相磨嚙， 風音酸鐸鈴。”,風,音
2,NA,風韻,6.指風聲。,唐 劉禹錫 《酬竇員外旬休早涼見示》詩： “風韻漸高梧葉動， 露光初重槿花稀。”,風,韻
2,NA,風馬,3.掛在檐間的鐵馬。 風吹相擊發聲。,明 湯顯祖 《牡丹亭‧鬧殤》： “甚飛絲繾的陽神動， 弄悠揚風馬叮咚。”,風,馬
2,NA,颬颬,2.風聲。,劉半農 《嗚呼三月一十八》詩： “晚來城郭啼寒鴉， 悲風帶雪吹颬颬。”,颬,颬
2,NA,飄回,1.飄旋回轉的風聲。,漢 王粲 《思親為潘文則作》詩： “仰瞻歸雲， 俯聆飄回， 飛焉靡翼， 超焉靡階。”,飄,回
2,NA,飄蕭,5.狀風聲。,唐 元稹 《書异》詩： “飄蕭北風起， 皓雪紛滿庭。”,飄,蕭
1,NA,飲,5.度聲。 古代指調試樂調。,《隋書‧律曆志上》： “又制為十二笛， 以寫通聲。 其夾鍾笛十二調， 以飲玉律， 又不差異。”,飲,飲
2,NA,養名,1.保養名聲。,《荀子‧正名》： “無埶列之位而可以養名。”,養,名
2,NA,餘絃,1.指漸微而未盡的笛聲。,《文選‧馬融＜長笛賦＞》： “曲終闕盡， 餘絃更興。”,餘,絃
2,NA,馨香,6.比喻可流傳後代的好名聲。,清 惜秋 旅生 《維新夢》： “男兒抱熱血， 君子不偷生， 光彩留今史， 馨香貽後人。”,馨,香
2,NA,馬檛,2.指鞭馬聲。,宋 蘇軾 《至下馬磧憩於懷賢閣》詩： “吏士寂如水， 蕭蕭聞馬檛。”,馬,檛
1,NA,騞,2.破裂聲。,唐 白居易 《霓裳羽衣歌和微之》： “中序擘騞初入拍， 秋竹竿裂春冰拆。”,騞,騞
2,NA,騞然,1.以刀裂物聲。,《莊子‧養生主》： “庖丁為 文惠君 解牛， 手之所觸， 肩之所倚， 足之所履， 膝之所踦， 砉然響然， 奏刀騞然， 莫不中音。”,騞,然
2,NA,騷屑,1.風聲。,漢 劉向 《九嘆‧思古》： “風騷屑以搖木兮， 雲吸吸以湫戾。”,騷,屑
2,NA,驚雷,1.使人震驚的雷聲。,漢 劉向 《九嘆‧遠游》： “凌驚雷以軼駭電兮， 綴鬼谷於北辰。”,驚,雷
1,NA,髇,2.指響聲。,宋 沈括 《簫簫堂記》： “竹間之風骹然鳴以相和。”,髇,髇
2,NA,高問,1.很高的名聲。,漢 應劭 《風俗通‧十反‧太尉沛國劉矩》： “ 叔方 雅有高問， 遠近偉之， 州郡辟請， 未嘗答命。”,高,問
2,NA,鯨吼,1.舊謂鯨魚吼叫。 比喻濤聲。,唐 林寬 《送人歸日東》詩： “波翻夜作電， 鯨吼晝為雷。”,鯨,吼
2,NA,鳳鳴,1.鳳凰鳴唱。 比喻優美的樂聲。,漢 劉向 《列仙傳‧蕭史》： “ 蕭史 者， 秦穆公 時人也。 善吹簫……日教 弄玉 作鳳鳴。 居數年， 吹似鳳聲。”,鳳,鳴
1,NA,鳴,3.使物發聲。,《孟子‧離婁上》： “ 孔子 曰： ‘ 求 非我徒也， 小子鳴鼓而攻之可也。 ’” 唐 孟郊 《答晝上人止讒作》詩： “俗侶唱《桃葉》， 隱士鳴桂琴。”,鳴,鳴
2,NA,鳴條,1.風吹樹枝發聲。,《古文苑》卷十一引 漢 董仲舒 《雨雹對》： “太平之世， 則風不鳴條， 開甲散萌而已。”,鳴,條
2,NA,鳴玉,1.古人在腰間佩帶玉飾， 行走時使之相擊發聲。,《國語‧楚語下》： “ 王孫圉 聘於 晉 ， 定公 饗之。,鳴,玉
2,NA,鳴環,1.指身上佩帶的環珮碰擊有聲。,南朝 梁 王淑英 婦《贈答》詩： “妝鉛點黛拂輕紅， 鳴環動珮出房櫳。”,鳴,環
2,NA,鳴砌,2.謂檐流滴於階砌而作聲。,宋 陸游 《雨中排悶》詩： “殷殷雷繞村， 淅淅雨鳴砌。”,鳴,砌
2,NA,鳴管,2.鳥類的發音器官。 位於氣管與支氣管交界處。 由若干個擴大的軟骨環及其間的薄膜(稱鳴膜)組成。 通過氣管內沖出的空氣， 使鳴膜鼓動而發聲。,NA,鳴,管
2,NA,鳴鈴,1.振鈴使發聲。,《周禮‧春官‧巾車》： “大祭祀， 鳴鈴以應雞人。”,鳴,鈴
2,NA,鳴鐘,1.擊鐘發聲。,南朝 齊 謝朓 《奉和竟陵王同沈右率過劉先生墓詩》： “善誘宗學原， 鳴鐘霽幽抱。”,鳴,鐘
2,NA,鳴鼉,1.鼉鼓的響聲。,唐 薛能 《吳姬》詩之八： “樓臺重疊滿天雲， 殷殷鳴鼉世上聞。”,鳴,鼉
2,NA,鴞音,1.鴞鳥的惡聲。 語本《詩‧魯頌‧泮水》： “翩彼飛鴞， 集於泮林。 食我桑黮， 懷我好音。”,毛 傳： “鴞， 惡聲之鳥也。”,鴞,音
2,NA,鴻聲,2.大聲；高聲。  ; 3.大名聲。,漢 焦贛 《易林‧困之離》： “鴻聲大視， 高舉神化。” ;   晉 郭璞 《贈潘尼》詩： “擢穎蓋 漢陽 ， 鴻聲駭皇室。”,鴻,聲
2,NA,鴿哨,1.裝在鴿子尾部的一種特製哨子。 鴿子飛行時能發出響聲。,任光椿 《辛亥風雲錄》第四六章： “這時， 天空中便響起了一片嗡嗡的鴿哨聲。”,鴿,哨
2,NA,鵝池,2.《舊唐書‧李愬傳》： “自 張柴 行七十里， 比至 懸瓠城 ， 夜半， 雪愈甚。 近城有鵝鴨池， 愬 令驚擊之， 以雜其聲。”後以“鵝池”為掩襲的典實。,明 孫承宗 《陽關引》詞： “把眼前飛絮， 學作鵝池雪。 待四方勘定， 直北迎節歸。”,鵝,池
4,NA,鶯啼燕語,2.比喻女子悅耳的語聲。,《警世通言‧莊子休鼓盆成大道》： “那婦人並不起身， 運扇如故， 口中鶯啼燕語， 說出幾句不通道理的話來。”,鶯,語
4,NA,鶴膝蜂腰,1. 宋 魏慶之 《詩人玉屑‧詩病‧詩病有八》： “三曰蜂腰， 第二字不得與第五字同聲……四曰鶴膝， 第五字不得與第十五字同聲。”這是指詩歌聲律八病的兩種。 後來用“鶴膝蜂腰”泛指詩歌聲律上所犯的毛病。,唐 李渤 《喜弟淑再至為長歌》： “近來詩思殊無況， 苦被時流不相放。 雲騰浪走勢未衰， 鶴膝蜂腰豈能障。”,鶴,腰
2,NA,鹽杖,1.打鼓的一種譜子。 舊題 宋 尤袤 《全唐詩話‧施肩吾》： “ 隋 曲有《疏勒鹽》， 唐 曲有《突厥鹽》、《阿鵲鹽》。 或云： 關中 人謂好為鹽。 故 施肩吾 詩云： ‘顛狂 楚 客歌成雪， 媚嫵 吳 娘笑是鹽。 ’蓋當時語也。 今杖鼓譜中尚有鹽杖聲。”,NA,鹽,杖
2,NA,鹿鹿,2.車輪轉動聲。 引申謂奔走於道途。,清 劉獻廷 《廣陽雜記》卷二： “而其書在簏， 別來一載有半， 質人 亦鹿鹿道途， 未嘗改訂一字。”,鹿,鹿
3,NA,黑婁婁,1.酣睡時鼻息聲。,元 馬致遠 《青衫淚》第三摺： “那廝正茶船上和衣兒睡， 黑婁婁地鼻息如雷。”,黑,婁
2,NA,點滴,1.指雨點滴注或雨點滴注聲。,唐 杜牧 《夜雨》詩： “點滴侵寒夢， 蕭騷著淡愁。”,點,滴
1,NA,鼓,3.鼓聲。,《詩‧周頌‧執競》： “鐘鼓喤喤， 磬筦將將。”,鼓,鼓
2,NA,鼓曲,1.鼓樂聲。,隋 薛道衡 《奉和月夜聽軍樂應詔》： “笳清喧《隴水》， 鼓曲噪《漁陽》。”,鼓,曲
2,NA,鼓柝,2.鼓聲和柝聲。,《宋史‧王友直傳》： “ 金 兵駐 黃山 ， 鼓柝相聞， 益整暇自持。”,鼓,柝
2,NA,鼓瑟,2. 漢 楊惲 與其妻感情甚篤， 於《報孫會宗書》中曰： “家本 秦 也， 能為 秦 聲。 婦， 趙 女也， 雅善鼓瑟。 奴婢歌者數人， 酒後耳熱， 仰天拊缶而呼烏烏。”後以“鼓瑟”比喻夫婦感情融洽。,明 歸有光 《歸氏二孝子傳》： “ 華伯 夫婦如鼓瑟， 汝威 卒變頑嚚， 考其終皆有以自達。”,鼓,瑟
2,NA,鼓笛,3.樂器聲。,唐 韓愈 《潭州泊船呈諸公》詩： “夜寒眠半覺， 鼓笛鬧嘈嘈。”,鼓,笛
2,NA,鼓脅,1. 宋 王令 《秋夜》詩： “秋夕不自曉， 百蟲齊一鳴。 時節適使然， 鼓脅亦有聲。”,NA,鼓,脅
2,NA,鼓角,2.鼓角聲。,前蜀 韋莊 《登漢高廟閑眺》詩： “參差郭外樓臺小， 斷續風中鼓角殘。”,鼓,角
1,NA,鼚,1.鼓聲。,《尚書大傳》卷一下： “鼚乎鼓之， 軒乎舞之。”,鼚,鼚
2,NA,鼻息,2.特指熟睡時的鼾聲。,《宋史‧王韶傳》： “嘗夜臥帳中， 前部遇敵， 矢石已交， 呼聲震山谷， 侍者往往股栗， 而 韶 鼻息自如。”,鼻,息
2,NA,鼾息,1.鼾聲。,宋 朱熹 《熹伏蒙判院丈垂示用韻喜晴之句率爾奉酬伏乞笑覽》詩： “客枕終難穩， 歸來鼾息深。”,鼾,息
1,NA,齁,1.熟睡時的鼻息聲。,元 劉致 《紅繡鞋‧歌姬米氏小字耍耍》曲： “臥在被單學打令， 坐着豆枕演提齁。”,齁,齁
2,NA,齁聲,1.猶鼾聲。 ; 2.哮喘聲。,清 蒲松齡 《聊齋志异‧鞏仙》： “入其室， 數呼不應；燭之， 則瞑坐榻上。 搖之， 目一閃即復合；再搖之， 齁聲作矣。” ; NA,齁,聲
2,NA,齊聲,2.異口同聲。,唐 常非月 《詠談容娘》： “歌要齊聲和， 情教細語傳。”,齊,聲
